"pair","method","n_eval","mean_qlike","mean_mse_x1e8","bias_ratio","dm_t_qlike","dm_p_qlike","dm_t_mse","dm_p_mse"
"Pcap-VN30","static",735,-7.77710350530418,18.1963855311598,0.950800932828708,NA,NA,NA,NA
"Pcap-VN30","ewma",735,-7.74336148249992,18.2565037960335,0.961376809535395,NA,NA,NA,NA
"Pcap-VN30","regime",735,-7.76444599476162,18.2245493978097,0.949303467631307,NA,NA,NA,NA
"Pcap-VN30","DM_static_vs_ewma",735,-0.0337420228042686,-0.0601182648736885,NA,-1.69125281431286,0.0907885278524218,-1.70932798572274,0.0873902121822476
"Pcap-VN30","DM_static_vs_regime",735,-0.0126575105425696,-0.028163866649818,NA,-1.34395261368513,0.178963710684293,-1.15252788931755,0.249104216103565
"VN30-VN100","static",735,-7.83567498018784,16.0977628022827,0.953868411388631,NA,NA,NA,NA
"VN30-VN100","ewma",735,-7.83149062504302,16.1031042501477,0.956446826498395,NA,NA,NA,NA
"VN30-VN100","regime",735,-7.83458569482759,16.0999055743463,0.953687132564541,NA,NA,NA,NA
"VN30-VN100","DM_static_vs_ewma",735,-0.00418435514482788,-0.00534144786491061,NA,-1.74338732257801,0.0812659812474263,-1.74964967958611,0.0801787816718451
"VN30-VN100","DM_static_vs_regime",735,-0.00108928536025026,-0.00214277206359113,NA,-1.4530640772863,0.146205963808277,-1.0558189875592,0.291050921675563
"VN30-VNINDEX","static",735,-7.92981927798509,14.631103901091,0.967382273817646,NA,NA,NA,NA
"VN30-VNINDEX","ewma",735,-7.92580607253373,14.6493359260127,0.960870627871935,NA,NA,NA,NA
"VN30-VNINDEX","regime",735,-7.92521459456785,14.6383392764738,0.966466017466904,NA,NA,NA,NA
"VN30-VNINDEX","DM_static_vs_ewma",735,-0.00401320545136144,-0.0182320249217696,NA,-1.81744150262801,0.0691495377431739,-1.35738285489755,0.17465959307033
"VN30-VNINDEX","DM_static_vs_regime",735,-0.00460468341724198,-0.00723537538277974,NA,-1.43851235884018,0.15028873337754,-0.89183980838321,0.372478801043979
"VN100-VNINDEX","static",735,-7.89039411288859,15.3455904764119,0.970353889564777,NA,NA,NA,NA
"VN100-VNINDEX","ewma",735,-7.88796913992363,15.3590212965757,0.96290081371403,NA,NA,NA,NA
"VN100-VNINDEX","regime",735,-7.88672545311195,15.3513511408454,0.969596020838019,NA,NA,NA,NA
"VN100-VNINDEX","DM_static_vs_ewma",735,-0.00242497296496535,-0.0134308201637904,NA,-1.64268838898185,0.100447422334111,-0.862421801427757,0.388455447732784
"VN100-VNINDEX","DM_static_vs_regime",735,-0.00366865977663724,-0.00576066443352614,NA,-1.42846219007048,0.153158869997019,-0.897068288261685,0.369682479053271
