"timeframe","pair","stat","estimate","ci_lo","ci_hi","p_two_sided","p_boot","p_holm","p_bh","family_size","boot_se","z","p_studentized","h3_family","p_boot_holm_h3","p_boot_bh_h3","p_stud_holm_h3","p_stud_bh_h3","p_stud_holm_all","p_stud_bh_all","tost_lo90","tost_hi90","tost_equivalent","tost_p"
"1D","Pcap-VN30","slope_rel",-0.00398646884347741,-0.0156719278771847,0.00849493466543677,0.57314629258517,0.576,1,0.894117647058824,19,0.00608079791868058,-0.655583181153042,0.51209234998818,FALSE,NA,NA,NA,NA,1,0.817903176420605,-0.0139884913547781,0.0060155536678233,FALSE,0.688333129390466
"1D","VN100-VNINDEX","slope_rel",0.000803038502063616,-0.00206149077132877,0.00271680834373981,0.733466933867735,0.736,1,0.894117647058824,19,0.00127748959343784,0.62860668782637,0.529606580865572,TRUE,1,0.852,1,0.802611181669478,1,0.817903176420605,-0.00129824488909538,0.00290432189322261,FALSE,0.43873447581206
"1D","VN30-VN100","slope_rel",-0.000773741031330905,-0.00230936669093774,0.000783461996017216,0.344689378757515,0.348,1,0.8265,19,0.000776548999143204,-0.996384042970376,0.319063583142958,FALSE,NA,NA,NA,NA,1,0.757776009964525,-0.00205105046907714,0.000503568406415329,FALSE,0.385386203382335
"1D","VN30-VNINDEX","slope_rel",0.0010175222963058,-0.00311208243337179,0.00427411356953747,0.697394789579158,0.7,1,0.894117647058824,19,0.00195082241680968,0.521586325612265,0.601958386252108,TRUE,1,0.852,1,0.802611181669478,1,0.817903176420605,-0.00219129503152184,0.00422633962413344,FALSE,0.503583253295542
"H1","Pcap-VN30","slope_rel",0.00200081821663257,-0.00352313440835393,0.00891132599948621,0.38877755511022,0.392,1,0.827555555555556,19,0.00336457692643743,0.594671562094771,0.55206303451793,FALSE,NA,NA,NA,NA,1,0.817903176420605,-0.00353341834397527,0.00753505477724041,FALSE,0.616941326657165
"H1","VN100-VNINDEX","slope_rel",0.00188180177254656,0.00067716909510478,0.00323344264533563,0.00801603206412826,0.012,0.216,0.057,19,0.000683863221176904,2.7517224413795,0.0059282743036173,TRUE,0.084,0.024,0.0393427086885831,0.0158087314763128,0.101166965199214,0.0375457372562429,0.000756946872855013,0.00300665667223811,FALSE,0.901377718499532
"H1","VN30-VN100","slope_rel",6.09494309856174e-05,-0.000675492703354122,0.000903287473860032,0.649298597194389,0.652,1,0.894117647058824,19,0.000416694589334481,0.146268832247047,0.883709169465758,FALSE,NA,NA,NA,NA,1,0.883709169465758,-0.000624452175612258,0.000746351037583493,TRUE,0.0121116053748379
"H1","VN30-VNINDEX","slope_rel",0.00242204189309744,0.000580911472034938,0.00407535742854657,0.00801603206412826,0.012,0.216,0.057,19,0.000874653793451999,2.76914352996556,0.00562038695551187,TRUE,0.084,0.024,0.0393427086885831,0.0158087314763128,0.101166965199214,0.0375457372562429,0.000983364428611056,0.00386071935758382,FALSE,0.948007515433928
"H4","Pcap-VN30","slope_rel",-0.00202630952489135,-0.0124085510441114,0.00673926744045007,0.75751503006012,0.76,1,0.894117647058824,19,0.00470678148638286,-0.430508518560644,0.666825771413648,FALSE,NA,NA,NA,NA,1,0.844645977123954,-0.00976827612403624,0.00571565707425354,FALSE,0.586304577076931
"H4","VN100-VNINDEX","slope_rel",0.000181322815274059,-0.00184621794337353,0.00213687131103971,0.797595190380762,0.8,1,0.894117647058824,19,0.00100131055682058,0.181085492446825,0.856300471693107,TRUE,1,0.852,1,0.856300471693107,1,0.883709169465758,-0.00146568648581707,0.00182833211636519,FALSE,0.206791195570578
"H4","VN30-VN100","slope_rel",-0.000363475166999593,-0.0017775991827163,0.000706011939085961,0.625250501002004,0.628,1,0.894117647058824,19,0.000595292653497593,-0.610582315881146,0.541476132953435,FALSE,NA,NA,NA,NA,1,0.817903176420605,-0.00134264444720267,0.000615694113203488,FALSE,0.142475428337598
"H4","VN30-VNINDEX","slope_rel",0.000337218836859849,-0.0025878602307712,0.00294974356596605,0.849699398797595,0.852,1,0.899333333333333,19,0.00137827516327009,0.244667281139831,0.806714064015078,TRUE,1,0.852,1,0.856300471693107,1,0.883709169465758,-0.00192984206438209,0.00260427973810179,FALSE,0.315301873136832
"M30","Pcap-VN30","slope_rel",0.0016715552864422,-0.00454980815090059,0.00783180777288617,0.517034068136273,0.52,1,0.894117647058824,19,0.00321100207544149,0.520571225794793,0.602665498415183,FALSE,NA,NA,NA,NA,1,0.817903176420605,-0.00361007312349644,0.00695318369638084,FALSE,0.582831292501362
"M30","Pheur-VN30","slope_rel",0.0289265665605076,-0.00326650394438137,0.053440538680678,0.0761523046092184,0.08,1,0.217142857142857,19,0.014770086369133,1.95845615506753,0.0501765110230088,FALSE,NA,NA,NA,NA,0.717704872987172,0.145473600642982,0.00463193642585269,0.0532211966951625,FALSE,0.970671254196914
"M30","Pratio-VN30","slope_rel",0.0290974045670507,-0.00298634678488082,0.0530734636152553,0.0721442885771543,0.076,1,0.217142857142857,19,0.014705129065517,1.97872486786145,0.0478469915324781,FALSE,NA,NA,NA,NA,0.717704872987172,0.145473600642982,0.00490961968884556,0.0532851894452558,FALSE,0.971979802404658
"M30","Pres-VN30","slope_rel",0.0282958925791045,-0.00292318349840007,0.0526390121471457,0.0761523046092184,0.08,1,0.217142857142857,19,0.0146603913825385,1.93009121249019,0.0535955370789932,FALSE,NA,NA,NA,NA,0.717704872987172,0.145473600642982,0.00418169464100795,0.0524100905172011,FALSE,0.968690011398922
"M30","VN100-VNINDEX","slope_rel",0.00215761081702256,0.00105022826327109,0.00324788961079714,0,0.004,0.076,0.057,19,0.00055677994484536,3.87515900491318,0.000106555098534689,TRUE,0.032,0.024,0.000852440788277509,0.000852440788277509,0.00202454687215908,0.00202454687215908,0.00124178930532983,0.00307343232871529,FALSE,0.981196714928795
"M30","VN30-VN100","slope_rel",-6.54775831597889e-05,-0.000732384178759792,0.000663544032626189,0.977955911823647,0.98,1,0.98,19,0.00037920720670824,-0.172669669778104,0.862911085661241,FALSE,NA,NA,NA,NA,1,0.883709169465758,-0.000689217932479974,0.000558262766160396,TRUE,0.00686193182016659
"M30","VN30-VNINDEX","slope_rel",0.00218095922512297,0.000670484935564674,0.00384274291448827,0.00801603206412826,0.012,0.216,0.057,19,0.000834734910730234,2.61275669327769,0.0089815216971695,TRUE,0.084,0.024,0.0449076084858475,0.017963043394339,0.143704347154712,0.0426622280615551,0.000807942479665332,0.00355397597058061,FALSE,0.921432259718284
