"w","regimes","n_low","n_high","rho_low","rho_high","delta","rho_star","diff","ci_lo","ci_hi","p_one_sided"
0.6,"chronological",1000,539,0.898534666066649,0.951581834262605,2.20895140703633,0.865529359190433,-0.0330053068762165,-0.0670654874209313,0.0020203787560944,0.967967967967968
0.6,"VN30_quartiles",739,739,0.833240113415582,0.956144627240743,7.64799295503402,0.742985042607023,-0.0902550708085584,-0.137029664394154,-0.0410979949943331,1
0.65,"chronological",1000,539,0.871113231176277,0.937114422846795,2.20895140703633,0.831853692195915,-0.0392595389803621,-0.0730691488864706,-0.00188101430085294,0.987987987987988
0.65,"VN30_quartiles",739,739,0.785436905151257,0.94318900781077,7.64799295503402,0.69451779921657,-0.0909191059346866,-0.143615437323453,-0.0340100817996328,1
0.682614713559021,"chronological",1000,539,0.847333698807182,0.924041114035295,2.20895140703633,0.803412605313508,-0.0439210934936736,-0.0824398699018046,-0.00459198633444382,0.98998998998999
0.682614713559021,"VN30_quartiles",739,739,0.744082684333747,0.931507279847261,7.64799295503402,0.656743024787998,-0.0873396595457487,-0.143741516415511,-0.0184555847724576,0.997997997997998
0.72,"chronological",1000,539,0.811985053386813,0.903654609902713,2.20895140703633,0.762329367879133,-0.0496556855076801,-0.090385927173596,-0.00034037453292735,0.988988988988989
0.72,"VN30_quartiles",739,739,0.683277251247776,0.913321791596296,7.64799295503402,0.606410933413885,-0.076866317833891,-0.143055862085095,0.0038317762607487,0.984984984984985
0.75,"chronological",1000,539,0.775199568549108,0.881162435597887,2.20895140703633,0.720953490057411,-0.0542460784916967,-0.096442462736989,0.00229170225162298,0.987987987987988
0.75,"VN30_quartiles",739,739,0.621339768652919,0.893281012849134,7.64799295503402,0.559913849511647,-0.0614259191412723,-0.135007863537821,0.0316728720888599,0.934934934934935
