"timeframe","variant","n","stat","pair","estimate","ci_lo","ci_hi","boot_se","p_studentized"
"1D","full",2963,"slope","VN30-VNINDEX",0.0010175222963058,-0.00378711084112729,0.0042043345109283,0.00210348916295681,0.628576998824021
"1D","full",2963,"slope","VN100-VNINDEX",0.000803038502063616,-0.00225701729563501,0.0029188217114088,0.00135864897865095,0.554482470167892
"1D","full",2963,"slope","VN30-VN100",-0.000773741031330905,-0.00237082316476342,0.000861927972261465,0.000842631845921302,0.358491513929578
"1D","full",2963,"slope","Pcap-VN30",-0.00398646884347741,-0.0161998421228481,0.00884929959496697,0.00662483760597886,0.547343294064676
"1D","full",2963,"slope_minus_VN30-VN100","VN30-VNINDEX",0.0017912633276367,-0.00135406346851209,0.00424827774401163,0.00162869935074819,0.271413979288566
"1D","full",2963,"slope_minus_VN30-VN100","VN100-VNINDEX",0.00157677953339452,-0.00100280264974039,0.00332363825127525,0.00108845878788279,0.147439531940217
"M30","full",21942,"slope","VN30-VNINDEX",0.00218095922512297,0.000727496277119697,0.00385111228893047,0.000793105093312299,0.00596135623590066
"M30","full",21942,"slope","VN100-VNINDEX",0.00215761081702256,0.000920791234262315,0.00332217072487428,0.000558679752880969,0.000112471128805246
"M30","full",21942,"slope","VN30-VN100",-6.54775831597889e-05,-0.000645556665945929,0.0005962003249509,0.000312976450821206,0.834284855291462
"M30","full",21942,"slope","Pcap-VN30",0.0016715552864422,-0.00379874136919223,0.00647758903458096,0.00269718831371104,0.535429024999406
"M30","full",21942,"slope_minus_VN30-VN100","VN30-VNINDEX",0.00224643680828276,0.000853096244010188,0.0036900083382904,0.000682784936473658,0.00100148609097665
"M30","full",21942,"slope_minus_VN30-VN100","VN100-VNINDEX",0.00222308840018235,0.00101645493810674,0.00320095351753772,0.000549510443433899,5.21937614371774e-05
"M30","drop_first",19709,"slope","VN30-VNINDEX",0.00200465137535019,-0.000589904560173673,0.003336995716578,0.000931129098320553,0.0313245512891018
"M30","drop_first",19709,"slope","VN100-VNINDEX",0.000992178009025627,-0.000715205831291077,0.00203835882984852,0.000699965297219805,0.15634631111211
"M30","drop_first",19709,"slope","VN30-VN100",0.00014014113142492,-0.000725219177955406,0.0007994658662844,0.000389103149026049,0.718724139244811
"M30","drop_first",19709,"slope","Pcap-VN30",0.00110339407752739,-0.0053432428275872,0.00719673598793006,0.00328992032746233,0.737333730574552
"M30","drop_first",19709,"slope_minus_VN30-VN100","VN30-VNINDEX",0.00186451024392527,-7.06594416808618e-07,0.0028112124479837,0.000744911377381854,0.012314691438896
"M30","drop_first",19709,"slope_minus_VN30-VN100","VN100-VNINDEX",0.000852036877600707,-0.000583831598277815,0.00188728704241888,0.000632782579011649,0.178143798223859
"M30","drop_first_last",17475,"slope","VN30-VNINDEX",-1.80550252526404e-05,-0.00252956170867312,0.00164858455947581,0.00113150641034122,0.987268994267271
"M30","drop_first_last",17475,"slope","VN100-VNINDEX",-0.000202339993420232,-0.00170120766575412,0.0010073618264486,0.000674333608314195,0.764132010591388
"M30","drop_first_last",17475,"slope","VN30-VN100",-0.000168522453130055,-0.00106065121292137,0.000637688425976126,0.000426153592968834,0.692510789363673
"M30","drop_first_last",17475,"slope","Pcap-VN30",-0.00209359988108936,-0.0102607051171724,0.00468814026882178,0.00384820003814388,0.586409453340649
"M30","drop_first_last",17475,"slope_minus_VN30-VN100","VN30-VNINDEX",0.000150467427877414,-0.00206711381806321,0.00135585306024026,0.000923484302158163,0.87057002815413
"M30","drop_first_last",17475,"slope_minus_VN30-VN100","VN100-VNINDEX",-3.38175402901771e-05,-0.00119419299605198,0.000966873315075421,0.000602059891097928,0.955206596675719
"H1","full",13523,"slope","VN30-VNINDEX",0.00242204189309744,0.000583590839424686,0.00402386920389738,0.000921272491044425,0.00856318470053957
"H1","full",13523,"slope","VN100-VNINDEX",0.00188180177254656,0.000650542390561626,0.00302901699867284,0.000630471626888468,0.00283807844914002
"H1","full",13523,"slope","VN30-VN100",6.09494309856174e-05,-0.000774473210807375,0.000771944600345338,0.000410425966448507,0.881945926817978
"H1","full",13523,"slope","Pcap-VN30",0.00200081821663257,-0.00450935356481729,0.00776623934885229,0.00335941688334205,0.551452517253156
"H1","full",13523,"slope_minus_VN30-VN100","VN30-VNINDEX",0.00236109246211183,0.000621034973812078,0.00353171441671075,0.000756980288607886,0.00181408251206689
"H1","full",13523,"slope_minus_VN30-VN100","VN100-VNINDEX",0.00182085234156094,0.000559131778315779,0.00280952087172892,0.00061182821571534,0.00291954604508396
"H1","drop_first",10818,"slope","VN30-VNINDEX",0.000337762445849835,-0.00379434617566407,0.00155754012972346,0.00132805477299149,0.799241628075811
"H1","drop_first",10818,"slope","VN100-VNINDEX",-0.000490677051242512,-0.00389038833461243,0.000506497810832203,0.0011144958291584,0.659742883518619
"H1","drop_first",10818,"slope","VN30-VN100",-0.00035544145624595,-0.0016429924030621,0.000312107574078054,0.000492085488225732,0.470099924837075
"H1","drop_first",10818,"slope","Pcap-VN30",-0.00534297738868828,-0.0142477951145455,0.000730924816041581,0.00409916608504236,0.192427888598419
"H1","drop_first",10818,"slope_minus_VN30-VN100","VN30-VNINDEX",0.000693203902095784,-0.00268683755694708,0.00176649940345165,0.00108163262871951,0.521596335987587
"H1","drop_first",10818,"slope_minus_VN30-VN100","VN100-VNINDEX",-0.000135235594996562,-0.00300109580597989,0.000942492994520291,0.000998085458422459,0.892220512625348
"H1","drop_first_last",8112,"slope","VN30-VNINDEX",-0.00204737393408038,-0.00576617396877586,0.00146279745944241,0.00184798652144547,0.267907420704568
"H1","drop_first_last",8112,"slope","VN100-VNINDEX",-0.00215514853796116,-0.00465484973143761,0.000584443645554438,0.00139021579729937,0.121087305015445
"H1","drop_first_last",8112,"slope","VN30-VN100",-0.00058234815077697,-0.00160803401819926,0.000127990308863077,0.000478006721275746,0.223115900927844
"H1","drop_first_last",8112,"slope","Pcap-VN30",-0.0067338910752732,-0.0174867089515316,0.000921729747759188,0.00457412837588856,0.140975182767137
"H1","drop_first_last",8112,"slope_minus_VN30-VN100","VN30-VNINDEX",-0.00146502578330341,-0.00439369944677508,0.00184622495143384,0.00160479135699694,0.361291285239109
"H1","drop_first_last",8112,"slope_minus_VN30-VN100","VN100-VNINDEX",-0.00157280038718419,-0.00339793641880699,0.00108655588600076,0.00120537195675639,0.191952183252284
"H4","full",5410,"slope","VN30-VNINDEX",0.000337218836859849,-0.00301499845844025,0.00241201933726575,0.00133759472094427,0.800957293599474
"H4","full",5410,"slope","VN100-VNINDEX",0.000181322815274059,-0.00182389631099471,0.00169940738369769,0.00095926549358087,0.850075138494611
"H4","full",5410,"slope","VN30-VN100",-0.000363475166999593,-0.00169068863319623,0.000580769678161356,0.000592623837875577,0.539656834954992
"H4","full",5410,"slope","Pcap-VN30",-0.00202630952489135,-0.0113062841778954,0.00495712735030967,0.00457322132819957,0.657706824037212
"H4","full",5410,"slope_minus_VN30-VN100","VN30-VNINDEX",0.000700694003859442,-0.00201099568753247,0.00237226071490183,0.00105810984818101,0.507834780257954
"H4","full",5410,"slope_minus_VN30-VN100","VN100-VNINDEX",0.000544797982273652,-0.00114994280956757,0.00179267992818663,0.000815392873256935,0.504043144340463
