"timeframe","stat","estimate","ci_lo","ci_hi","boot_se","p_one_sided"
"1D","kappa",0.483872002445842,0.456569932802679,0.510539043457987,0.0133450703338768,NA
"1D","rho_econ",0.883676706877398,0.856535174471842,0.906051718178303,0.0126441549637127,NA
"1D","rho_nested",0.987638573892592,0.984117726709445,0.990332279293791,0.00154569121571473,NA
"1D","floor",0.900149188923866,0.89062836307092,0.909663371246337,0.00470938140909351,NA
"1D","mech_share",0.91141450947673,0.903334554680211,0.919635564543403,0.00415834103446868,0
"1D","sensitivity",0.106026873175697,0.0977898707426988,0.114224496098002,0.00409313733188804,NA
"1D","floor_minus_econ",0.0164724820464681,-0.00482292771280547,0.0410994889647663,0.0122017937866466,0.064128256513026
"M30","kappa",0.502728088717959,0.477109903355757,0.535343083894696,0.0151736779064788,NA
"M30","rho_econ",0.882867918079873,0.858872296689625,0.903697234607379,0.0114150875506225,NA
"M30","rho_nested",0.986902330111244,0.983349084511298,0.989740706009506,0.00164158088769424,NA
"M30","floor",0.893434667338573,0.881602399921718,0.902526701461866,0.00545619792148939,NA
"M30","mech_share",0.905291781723702,0.895443834287989,0.913296862148475,0.00451722243273592,0
"M30","sensitivity",0.111827422015573,0.103975744572716,0.121921444914715,0.0046718833532304,NA
"M30","floor_minus_econ",0.0105667492587,-0.00667996152886982,0.0319694388679445,0.00967782397483329,0.108216432865731
"H1","kappa",0.486368608381466,0.459256327595466,0.516287760790208,0.0140214335142062,NA
"H1","rho_econ",0.889139916724898,0.868199884428522,0.904664650493241,0.00959414720499914,NA
"H1","rho_nested",0.988147721352433,0.985146201446941,0.990404723521921,0.0013305218042201,NA
"H1","floor",0.89927104776051,0.888556036239923,0.908743670142129,0.00496250887912792,NA
"H1","mech_share",0.910057832472918,0.900891108237758,0.918075670620934,0.00418774416795617,0
"H1","sensitivity",0.106809298197091,0.0985736421893879,0.116007298493824,0.00429135453926879,NA
"H1","floor_minus_econ",0.0101311310356118,-0.00234197361325808,0.028856097962755,0.0082776649656388,0.0501002004008016
"H4","kappa",0.485079928376658,0.45650451068931,0.511902624881602,0.0142653424613115,NA
"H4","rho_econ",0.889573429593901,0.865473955733998,0.908294929483815,0.010069694303309,NA
"H4","rho_nested",0.988230069763294,0.985462277373943,0.990667482847492,0.00132910117266494,NA
"H4","floor",0.899727768058482,0.89013642136343,0.909689516581605,0.00503718783150564,NA
"H4","mech_share",0.910443370280137,0.901735388232715,0.919183869492728,0.00436528363639746,0
"H4","sensitivity",0.106417374026952,0.0977191655942086,0.114664080355878,0.00436256317642263,NA
"H4","floor_minus_econ",0.0101543384645812,-0.00602301942659626,0.0310264705122162,0.00929274320995904,0.138276553106212
