"timeframe","pair","s","rho","lo","hi","reliable"
"1D","VN30-VNINDEX",5,0.966915407099293,0.958486563321699,0.97137508127773,TRUE
"1D","VN30-VNINDEX",6,0.965540058567926,0.957196378658848,0.971085464253392,TRUE
"1D","VN30-VNINDEX",7,0.966270540111761,0.957854207163379,0.970857422134175,TRUE
"1D","VN30-VNINDEX",8,0.964138742886349,0.956935260073773,0.970835279224019,TRUE
"1D","VN30-VNINDEX",10,0.966197071523185,0.956254046010659,0.970867775896882,TRUE
"1D","VN30-VNINDEX",12,0.964971956001413,0.957256632455744,0.97170104212145,TRUE
"1D","VN30-VNINDEX",14,0.965610944551507,0.9575601725893,0.971391392408923,TRUE
"1D","VN30-VNINDEX",17,0.96529205529957,0.957574867344639,0.971918470623902,TRUE
"1D","VN30-VNINDEX",20,0.969263042417255,0.95759187562891,0.972830150324106,TRUE
"1D","VN30-VNINDEX",24,0.967187060630767,0.95790597291416,0.973331522001819,TRUE
"1D","VN30-VNINDEX",28,0.96842131948097,0.956955389144805,0.97421292003341,TRUE
"1D","VN30-VNINDEX",33,0.968395261847034,0.956980079406611,0.97469181602357,TRUE
"1D","VN30-VNINDEX",40,0.962338530706571,0.955103455411555,0.975233103288751,TRUE
"1D","VN30-VNINDEX",47,0.970676536550797,0.954276135978498,0.976309738911025,TRUE
"1D","VN30-VNINDEX",56,0.965488313634198,0.951830021720779,0.976324703105684,FALSE
"1D","VN30-VNINDEX",66,0.965271327995336,0.950899100296296,0.977161750791661,FALSE
"1D","VN30-VNINDEX",79,0.969900255296142,0.949558307265709,0.977362368128041,FALSE
"1D","VN30-VNINDEX",94,0.967033781729865,0.949353796752963,0.978582900978453,FALSE
"1D","VN30-VNINDEX",111,0.969880704735387,0.948349045914852,0.978623894403743,FALSE
"1D","VN30-VNINDEX",132,0.969847756051047,0.946718813354932,0.979644377215938,FALSE
"1D","VN30-VNINDEX",157,0.971391269319004,0.945134315826896,0.980374599616573,FALSE
"1D","VN30-VNINDEX",186,0.975571601019555,0.943294091976057,0.981134836772874,FALSE
"1D","VN30-VNINDEX",222,0.969971003642867,0.945041180695495,0.980647727075206,FALSE
"1D","VN30-VNINDEX",263,0.972055998039672,0.941419810690082,0.982418098675833,FALSE
"1D","VN30-VNINDEX",313,0.962591670885851,0.941886964310607,0.983472261351848,FALSE
"1D","VN30-VNINDEX",371,0.971039617720552,0.938076645577566,0.984738722372767,FALSE
"1D","VN30-VNINDEX",441,0.973053639398348,0.938452902496063,0.984674788488604,FALSE
"1D","VN30-VNINDEX",524,0.973057083102641,0.937932642586536,0.985473593784971,FALSE
"1D","VN30-VNINDEX",623,0.97633008654475,0.93680982376104,0.986566943818662,FALSE
"1D","VN30-VNINDEX",740,0.982732226112787,0.924763134570114,0.988411237685468,FALSE
"1D","VN30-VN100",5,0.988972922543282,0.985802624033138,0.990667812610047,TRUE
"1D","VN30-VN100",6,0.988402421910041,0.985483152657924,0.990583813384384,TRUE
"1D","VN30-VN100",7,0.988300592040216,0.985089354171934,0.990445470513759,TRUE
"1D","VN30-VN100",8,0.987544413218915,0.984789665740301,0.990419349644598,TRUE
"1D","VN30-VN100",10,0.988117304439131,0.984352876266332,0.990211068967915,TRUE
"1D","VN30-VN100",12,0.987047843413796,0.983760701762119,0.990236061008752,TRUE
"1D","VN30-VN100",14,0.987718404993338,0.983967249979123,0.990408409584628,TRUE
"1D","VN30-VN100",17,0.987393230007389,0.984059014587678,0.99037936796081,TRUE
"1D","VN30-VN100",20,0.988130907103093,0.983707240945413,0.990508181725522,TRUE
"1D","VN30-VN100",24,0.987728664132291,0.983629858432965,0.990649766755419,TRUE
"1D","VN30-VN100",28,0.987611803114382,0.983423507829737,0.990740285863119,TRUE
"1D","VN30-VN100",33,0.987056816491834,0.98297581180796,0.990843589671701,TRUE
"1D","VN30-VN100",40,0.98507427395688,0.98162495760673,0.990752739292716,TRUE
"1D","VN30-VN100",47,0.987840437131698,0.981261128812198,0.99058890609245,TRUE
"1D","VN30-VN100",56,0.985605586214863,0.98081484857696,0.990730632948222,FALSE
"1D","VN30-VN100",66,0.986268534249197,0.979975327595816,0.990824870540246,FALSE
"1D","VN30-VN100",79,0.986869292140239,0.980115480509959,0.990786329853604,FALSE
"1D","VN30-VN100",94,0.986278840874683,0.980187832302022,0.990903681334981,FALSE
"1D","VN30-VN100",111,0.986280455927387,0.979474001797176,0.991236411286532,FALSE
"1D","VN30-VN100",132,0.98713984830672,0.979207386291101,0.991317383209021,FALSE
"1D","VN30-VN100",157,0.985893513329231,0.979155671106382,0.991884743246719,FALSE
"1D","VN30-VN100",186,0.987680220197573,0.978728478835121,0.992336090417136,FALSE
"1D","VN30-VN100",222,0.98579268202907,0.978585949351892,0.992299180050539,FALSE
"1D","VN30-VN100",263,0.986586591188716,0.978532000780915,0.992468569917335,FALSE
"1D","VN30-VN100",313,0.985907726905642,0.977944710232177,0.99306668452507,FALSE
"1D","VN30-VN100",371,0.985304341055528,0.975896852549098,0.993730691549342,FALSE
"1D","VN30-VN100",441,0.989070318771003,0.976592446760327,0.993555149483715,FALSE
"1D","VN30-VN100",524,0.989382936315199,0.976702659774156,0.993740561827786,FALSE
"1D","VN30-VN100",623,0.99050613307408,0.975115572950972,0.99396934584756,FALSE
"1D","VN30-VN100",740,0.991641764386715,0.972716861007437,0.995102671336986,FALSE
"1D","VN100-VNINDEX",5,0.975942164171088,0.968477567082548,0.980068243584268,TRUE
"1D","VN100-VNINDEX",6,0.974465645184769,0.968072838853787,0.980157162292467,TRUE
"1D","VN100-VNINDEX",7,0.97539789106831,0.967843537727147,0.980014331766329,TRUE
"1D","VN100-VNINDEX",8,0.974306676791831,0.968175144591891,0.980171765028281,TRUE
"1D","VN100-VNINDEX",10,0.975510315171273,0.967364521780095,0.980215955122489,TRUE
"1D","VN100-VNINDEX",12,0.97638416261024,0.967807397966731,0.980543646349988,TRUE
"1D","VN100-VNINDEX",14,0.975930385733442,0.968336736073788,0.980196356898329,TRUE
"1D","VN100-VNINDEX",17,0.974802337301726,0.968104340071138,0.98076082884619,TRUE
"1D","VN100-VNINDEX",20,0.977788006023637,0.967896607612388,0.981056452367128,TRUE
"1D","VN100-VNINDEX",24,0.976243120383978,0.968599684653805,0.98121573101453,TRUE
"1D","VN100-VNINDEX",28,0.976578647360812,0.968360309853781,0.981872084590053,TRUE
"1D","VN100-VNINDEX",33,0.977566744222167,0.968424518172668,0.981428835567778,TRUE
"1D","VN100-VNINDEX",40,0.973455774147002,0.967303798160633,0.982260197759633,TRUE
"1D","VN100-VNINDEX",47,0.978424120231258,0.966682291881594,0.982361013633771,TRUE
"1D","VN100-VNINDEX",56,0.975559572346181,0.965988758302517,0.982687760251731,FALSE
"1D","VN100-VNINDEX",66,0.973162862959449,0.965334031279937,0.982937397951964,FALSE
"1D","VN100-VNINDEX",79,0.978139273420938,0.963795113207805,0.982793002137914,FALSE
"1D","VN100-VNINDEX",94,0.975979830890139,0.963482192934668,0.98326314651374,FALSE
"1D","VN100-VNINDEX",111,0.975147855845772,0.962232260118345,0.983424859622464,FALSE
"1D","VN100-VNINDEX",132,0.974979381587002,0.961828434416265,0.983705336496951,FALSE
"1D","VN100-VNINDEX",157,0.97527200240376,0.96008376294855,0.984482603438513,FALSE
"1D","VN100-VNINDEX",186,0.976964220681414,0.95856774860147,0.985592918476423,FALSE
"1D","VN100-VNINDEX",222,0.973957518772941,0.958135751470513,0.985719740761549,FALSE
"1D","VN100-VNINDEX",263,0.974116407634889,0.957518449567585,0.986140323286761,FALSE
"1D","VN100-VNINDEX",313,0.972107639072248,0.956001312679887,0.986894408864939,FALSE
"1D","VN100-VNINDEX",371,0.974209923092472,0.952388774179736,0.987440029917682,FALSE
"1D","VN100-VNINDEX",441,0.977038393204783,0.953790586399777,0.988434633568158,FALSE
"1D","VN100-VNINDEX",524,0.977693573906704,0.952954486877541,0.988110049050881,FALSE
"1D","VN100-VNINDEX",623,0.981271376532362,0.948903749316573,0.98852805872111,FALSE
"1D","VN100-VNINDEX",740,0.985356236437671,0.94114918367942,0.990009024906469,FALSE
"1D","Pcap-VN30",5,0.893062405779481,0.866505651853376,0.906587890881438,TRUE
"1D","Pcap-VN30",6,0.889195146032184,0.864445093537959,0.907526801977029,TRUE
"1D","Pcap-VN30",7,0.887944890191034,0.862588019505246,0.905712695914663,TRUE
"1D","Pcap-VN30",8,0.880494079343532,0.859759295566758,0.905789249718978,TRUE
"1D","Pcap-VN30",10,0.885725383439681,0.856255770109289,0.903928944657886,TRUE
"1D","Pcap-VN30",12,0.877469678534168,0.854653015179792,0.904898859961181,TRUE
"1D","Pcap-VN30",14,0.884114079865828,0.85317115184945,0.905665718521991,TRUE
"1D","Pcap-VN30",17,0.880267254213915,0.854780663661215,0.905297277341543,TRUE
"1D","Pcap-VN30",20,0.885995934543628,0.851351284597028,0.907830740833059,TRUE
"1D","Pcap-VN30",24,0.886590638719567,0.853397858359058,0.908361145189574,TRUE
"1D","Pcap-VN30",28,0.884265329405902,0.84694757924024,0.910473133862941,TRUE
"1D","Pcap-VN30",33,0.88171784518086,0.844637137073963,0.910708518641694,TRUE
"1D","Pcap-VN30",40,0.865323441565943,0.839376613934762,0.912243625131122,TRUE
"1D","Pcap-VN30",47,0.889307789467843,0.837775897643962,0.910422233251762,TRUE
"1D","Pcap-VN30",56,0.873187251044993,0.837076522523945,0.911487908866756,FALSE
"1D","Pcap-VN30",66,0.877619653695233,0.832318820566896,0.910286310341157,FALSE
"1D","Pcap-VN30",79,0.88365203229708,0.829777410681334,0.912565521483803,FALSE
"1D","Pcap-VN30",94,0.879389038942883,0.830083975529428,0.914820642782928,FALSE
"1D","Pcap-VN30",111,0.881880194115424,0.824164139690933,0.916917472749225,FALSE
"1D","Pcap-VN30",132,0.889326696806173,0.818942685995878,0.919240953665314,FALSE
"1D","Pcap-VN30",157,0.872741221735612,0.814638738839117,0.922828016894683,FALSE
"1D","Pcap-VN30",186,0.89009989473138,0.814411112016165,0.927010197008918,FALSE
"1D","Pcap-VN30",222,0.87500143625929,0.815570916813636,0.92750518015595,FALSE
"1D","Pcap-VN30",263,0.889305044569759,0.818272906955821,0.930365309170459,FALSE
"1D","Pcap-VN30",313,0.872056714310701,0.809539971558203,0.935307396160354,FALSE
"1D","Pcap-VN30",371,0.873052449710289,0.791185447126707,0.94177982954564,FALSE
"1D","Pcap-VN30",441,0.893411611439959,0.792398846222143,0.940737030645565,FALSE
"1D","Pcap-VN30",524,0.892779861315514,0.795747933428149,0.942811402726086,FALSE
"1D","Pcap-VN30",623,0.91066363832837,0.785057747671206,0.946193125032156,FALSE
"1D","Pcap-VN30",740,0.908430298440881,0.752147063860241,0.950316849096834,FALSE
"M30","VN30-VNINDEX",5,0.961498134811671,0.952525721140086,0.96780504789003,TRUE
"M30","VN30-VNINDEX",6,0.961787899155253,0.953839721899687,0.968290158442588,TRUE
"M30","VN30-VNINDEX",8,0.963286083408593,0.955529610727143,0.968716840700524,TRUE
"M30","VN30-VNINDEX",10,0.964151000470066,0.957083781317307,0.969408452880701,TRUE
"M30","VN30-VNINDEX",13,0.96720532060191,0.959703317148127,0.971119527822437,TRUE
"M30","VN30-VNINDEX",17,0.968882110511374,0.962582389712729,0.973249033871744,TRUE
"M30","VN30-VNINDEX",21,0.970140657813238,0.964019411354217,0.974523944413035,TRUE
"M30","VN30-VNINDEX",27,0.972115660266927,0.965364790222202,0.975394488933696,TRUE
"M30","VN30-VNINDEX",34,0.971093554204013,0.965376380706128,0.975659549713877,TRUE
"M30","VN30-VNINDEX",44,0.970141184189148,0.964612281801678,0.975738019036071,TRUE
"M30","VN30-VNINDEX",56,0.97064594997099,0.964406389261265,0.975709666983611,TRUE
"M30","VN30-VNINDEX",71,0.968252014086244,0.962824390693595,0.97614044608244,TRUE
"M30","VN30-VNINDEX",91,0.970739827318563,0.962836913019115,0.9764855430509,TRUE
"M30","VN30-VNINDEX",115,0.970773961853705,0.962808126022306,0.976185176771053,TRUE
"M30","VN30-VNINDEX",147,0.970861787592861,0.962948753774849,0.976991420344025,TRUE
"M30","VN30-VNINDEX",187,0.971986181149897,0.963645802494003,0.977518590542034,TRUE
"M30","VN30-VNINDEX",238,0.972623598795267,0.963592406100813,0.978511156767034,TRUE
"M30","VN30-VNINDEX",303,0.970568809696383,0.962213913951022,0.978993303015964,TRUE
"M30","VN30-VNINDEX",385,0.972497699935298,0.960168659036007,0.980032763908354,TRUE
"M30","VN30-VNINDEX",491,0.9724298587466,0.957959715744931,0.979690616311895,FALSE
"M30","VN30-VNINDEX",625,0.969108748365953,0.955239065285171,0.980525009236359,FALSE
"M30","VN30-VNINDEX",795,0.972503468238237,0.955116924770623,0.981205628017486,FALSE
"M30","VN30-VNINDEX",1012,0.970070776857974,0.952833977652809,0.982162097540343,FALSE
"M30","VN30-VNINDEX",1289,0.967159128128603,0.947897095121261,0.98344087116242,FALSE
"M30","VN30-VNINDEX",1641,0.974604465498211,0.949260053817275,0.984016663038704,FALSE
"M30","VN30-VNINDEX",2089,0.973037559176348,0.949889186563771,0.984842659739961,FALSE
"M30","VN30-VNINDEX",2659,0.976613878520567,0.948198862421206,0.985500929175788,FALSE
"M30","VN30-VNINDEX",3385,0.977637250986205,0.944534735842953,0.98648385544095,FALSE
"M30","VN30-VNINDEX",4309,0.967053449333273,0.93878694513407,0.988005805707674,FALSE
"M30","VN30-VNINDEX",5485,0.986234833154149,0.932021753170265,0.99113040352239,FALSE
"M30","VN30-VN100",5,0.986761297487907,0.982650618001738,0.989376293772541,TRUE
"M30","VN30-VN100",6,0.986666659653944,0.982581754073159,0.989434327438058,TRUE
"M30","VN30-VN100",8,0.986470546728095,0.982911377301779,0.989261632923893,TRUE
"M30","VN30-VN100",10,0.986704838931663,0.982894507435796,0.989258358200559,TRUE
"M30","VN30-VN100",13,0.986980089010311,0.983136648745541,0.989600738352356,TRUE
"M30","VN30-VN100",17,0.987263076782048,0.98385444796967,0.989968302044871,TRUE
"M30","VN30-VN100",21,0.987388713493827,0.984258022941284,0.990093473193446,TRUE
"M30","VN30-VN100",27,0.987822049738493,0.984489937018725,0.990314091688381,TRUE
"M30","VN30-VN100",34,0.987446407022951,0.98430005826883,0.990251599468668,TRUE
"M30","VN30-VN100",44,0.987091326609467,0.983788469128111,0.990018052905329,TRUE
"M30","VN30-VN100",56,0.987070675781565,0.983732867475371,0.989932597539666,TRUE
"M30","VN30-VN100",71,0.986240473867241,0.982999628440303,0.989826133703362,TRUE
"M30","VN30-VN100",91,0.987183462043477,0.982648884208416,0.989653392187064,TRUE
"M30","VN30-VN100",115,0.986911333174127,0.982476798748517,0.989704050143895,TRUE
"M30","VN30-VN100",147,0.986510441160098,0.982242009895105,0.990127407184148,TRUE
"M30","VN30-VN100",187,0.986740216913976,0.982351057797424,0.990291458526744,TRUE
"M30","VN30-VN100",238,0.987399647101991,0.98210274454588,0.990489237865084,TRUE
"M30","VN30-VN100",303,0.986244436361203,0.981902033172773,0.990492192120804,TRUE
"M30","VN30-VN100",385,0.986248580251244,0.980712032074091,0.991383186671876,TRUE
"M30","VN30-VN100",491,0.985793594133576,0.980097384830348,0.990817852339598,FALSE
"M30","VN30-VN100",625,0.984426869160315,0.979920797535251,0.99107943443996,FALSE
"M30","VN30-VN100",795,0.986809533674812,0.978971579446714,0.991019901598489,FALSE
"M30","VN30-VN100",1012,0.986348223129851,0.979268450340355,0.991463819364748,FALSE
"M30","VN30-VN100",1289,0.984647158126292,0.977653263157654,0.992243609567889,FALSE
"M30","VN30-VN100",1641,0.987061737530783,0.979103939230435,0.991925675763377,FALSE
"M30","VN30-VN100",2089,0.98575533688583,0.977554972111275,0.992582763457455,FALSE
"M30","VN30-VN100",2659,0.986338533597957,0.97709081035589,0.992874794793779,FALSE
"M30","VN30-VN100",3385,0.989140493282327,0.975234777825133,0.993755662189379,FALSE
"M30","VN30-VN100",4309,0.987731660317437,0.971908256160855,0.994057338126299,FALSE
"M30","VN30-VN100",5485,0.992358590387933,0.97074298006322,0.995349384497048,FALSE
"M30","VN100-VNINDEX",5,0.974264933317577,0.967487219552056,0.978858266135752,TRUE
"M30","VN100-VNINDEX",6,0.974347082248631,0.968579389634077,0.979450543145689,TRUE
"M30","VN100-VNINDEX",8,0.976424104227471,0.970451822749464,0.979994882712098,TRUE
"M30","VN100-VNINDEX",10,0.977037136209055,0.971991466675592,0.980959022903236,TRUE
"M30","VN100-VNINDEX",13,0.979486173926224,0.974425019789045,0.982179435673642,TRUE
"M30","VN100-VNINDEX",17,0.980816523979392,0.976760011483483,0.983746847080069,TRUE
"M30","VN100-VNINDEX",21,0.981831009724893,0.977980040962794,0.984599621249328,TRUE
"M30","VN100-VNINDEX",27,0.983352572662217,0.979096613475408,0.985288742846124,TRUE
"M30","VN100-VNINDEX",34,0.982888813249579,0.979348334661114,0.98570601255237,TRUE
"M30","VN100-VNINDEX",44,0.982540154839139,0.979118326495274,0.985809545117406,TRUE
"M30","VN100-VNINDEX",56,0.982829430792454,0.978769567085474,0.986102470183222,TRUE
"M30","VN100-VNINDEX",71,0.981609267558979,0.978237156645745,0.986003333864349,TRUE
"M30","VN100-VNINDEX",91,0.9837422198602,0.978600980513052,0.986476710734997,TRUE
"M30","VN100-VNINDEX",115,0.983577372040885,0.979043347094285,0.986379878099982,TRUE
"M30","VN100-VNINDEX",147,0.983572092794353,0.979271273164055,0.986270639929591,TRUE
"M30","VN100-VNINDEX",187,0.983681047410039,0.979470429898155,0.98664828085334,TRUE
"M30","VN100-VNINDEX",238,0.984477551671038,0.979263049623255,0.986914354459711,TRUE
"M30","VN100-VNINDEX",303,0.983205604586323,0.978955441191067,0.987115695930298,TRUE
"M30","VN100-VNINDEX",385,0.985060154876077,0.97821297521157,0.987598602535382,TRUE
"M30","VN100-VNINDEX",491,0.98462428506317,0.978032184364012,0.987740394389419,FALSE
"M30","VN100-VNINDEX",625,0.983267253752028,0.976275131172028,0.988187759883271,FALSE
"M30","VN100-VNINDEX",795,0.984018610222557,0.975862463238665,0.988425615864556,FALSE
"M30","VN100-VNINDEX",1012,0.981173553557771,0.973914754380396,0.9886128115731,FALSE
"M30","VN100-VNINDEX",1289,0.981224927421009,0.971289203295599,0.989704335194802,FALSE
"M30","VN100-VNINDEX",1641,0.983113403635411,0.97085270449919,0.98927561452451,FALSE
"M30","VN100-VNINDEX",2089,0.983292220078042,0.970619669678642,0.989850096587706,FALSE
"M30","VN100-VNINDEX",2659,0.981780988788091,0.969084935018542,0.990287918071313,FALSE
"M30","VN100-VNINDEX",3385,0.98211862936999,0.967233484333045,0.990846392729684,FALSE
"M30","VN100-VNINDEX",4309,0.976876104996796,0.964892959038555,0.991617734096443,FALSE
"M30","VN100-VNINDEX",5485,0.990605723724782,0.960371569616372,0.992903563490701,FALSE
"M30","Pcap-VN30",5,0.874158391040207,0.844156516127842,0.895311498730158,TRUE
"M30","Pcap-VN30",6,0.87506250861714,0.846609988953091,0.89662332909358,TRUE
"M30","Pcap-VN30",8,0.874813640018286,0.849343113596183,0.896274480624511,TRUE
"M30","Pcap-VN30",10,0.877156706797177,0.852533176255123,0.895986609683079,TRUE
"M30","Pcap-VN30",13,0.882589621793737,0.857508163405879,0.899620605815098,TRUE
"M30","Pcap-VN30",17,0.88504065951851,0.863947690512538,0.903620958321473,TRUE
"M30","Pcap-VN30",21,0.887010740685912,0.867289222658492,0.905300410210089,TRUE
"M30","Pcap-VN30",27,0.890817766399165,0.870679987362692,0.90686950819814,TRUE
"M30","Pcap-VN30",34,0.888925267411893,0.869236271748357,0.909282615340915,TRUE
"M30","Pcap-VN30",44,0.885286718041268,0.866457870860973,0.907703072082742,TRUE
"M30","Pcap-VN30",56,0.887395231320933,0.863676209571866,0.907728993688137,TRUE
"M30","Pcap-VN30",71,0.877990768400905,0.858421054316021,0.907133921669056,TRUE
"M30","Pcap-VN30",91,0.885664364469334,0.855761218903597,0.907494216028226,TRUE
"M30","Pcap-VN30",115,0.882980868042439,0.853911780598387,0.90623183366809,TRUE
"M30","Pcap-VN30",147,0.882512292709942,0.851530926644652,0.908181997883012,TRUE
"M30","Pcap-VN30",187,0.884462805654034,0.850028069346449,0.910377873456787,TRUE
"M30","Pcap-VN30",238,0.887371966515398,0.851661180817703,0.913327393358537,TRUE
"M30","Pcap-VN30",303,0.881204773769765,0.849797939337869,0.912226600540947,TRUE
"M30","Pcap-VN30",385,0.884045352311535,0.838230688074811,0.918044038738892,TRUE
"M30","Pcap-VN30",491,0.881789519880432,0.838471759644537,0.914698668809466,FALSE
"M30","Pcap-VN30",625,0.871927791992961,0.836239971349059,0.917839769911037,FALSE
"M30","Pcap-VN30",795,0.890867373533972,0.830255390983023,0.916786854818137,FALSE
"M30","Pcap-VN30",1012,0.892646221299392,0.836381990569106,0.920232102278605,FALSE
"M30","Pcap-VN30",1289,0.879460102057896,0.825641089538456,0.926999241788164,FALSE
"M30","Pcap-VN30",1641,0.89329008942112,0.827224975485257,0.926841840415491,FALSE
"M30","Pcap-VN30",2089,0.884067971287454,0.816640856923045,0.933426801012065,FALSE
"M30","Pcap-VN30",2659,0.896765015183946,0.813269010703003,0.937364310577345,FALSE
"M30","Pcap-VN30",3385,0.901365358407586,0.792137624432645,0.945206249363728,FALSE
"M30","Pcap-VN30",4309,0.88031786483057,0.772387383532273,0.947051146786208,FALSE
"M30","Pcap-VN30",5485,0.925431709201468,0.73932592589275,0.958932615654739,FALSE
"H1","VN30-VNINDEX",5,0.95497421635792,0.945047327217359,0.96135058072125,TRUE
"H1","VN30-VNINDEX",6,0.955559935570571,0.947700314244895,0.962682341632818,TRUE
"H1","VN30-VNINDEX",8,0.960621681853813,0.952712468204084,0.965998539034108,TRUE
"H1","VN30-VNINDEX",10,0.963087491839914,0.956061752860307,0.967970806606198,TRUE
"H1","VN30-VNINDEX",12,0.965265247551252,0.957634578771454,0.969845856443753,TRUE
"H1","VN30-VNINDEX",15,0.965778711991849,0.95798330701552,0.969954021127299,TRUE
"H1","VN30-VNINDEX",19,0.965222217262416,0.958253253070731,0.969790227706399,TRUE
"H1","VN30-VNINDEX",24,0.964476350970031,0.958192196073431,0.970029733157018,TRUE
"H1","VN30-VNINDEX",30,0.964451072282212,0.957228565098639,0.970035519804116,TRUE
"H1","VN30-VNINDEX",38,0.965186092997693,0.956397176255016,0.970602453017103,TRUE
"H1","VN30-VNINDEX",47,0.965160183392887,0.956358935111702,0.970211073761101,TRUE
"H1","VN30-VNINDEX",59,0.965437050644933,0.956514101959023,0.970849425672509,TRUE
"H1","VN30-VNINDEX",74,0.965586806965526,0.956016185051588,0.971625791951843,TRUE
"H1","VN30-VNINDEX",93,0.966865825238799,0.957428877475283,0.972423301055177,TRUE
"H1","VN30-VNINDEX",116,0.966945789709889,0.956881189558831,0.973907846612077,TRUE
"H1","VN30-VNINDEX",145,0.967824945856156,0.956661115888171,0.974524561384526,TRUE
"H1","VN30-VNINDEX",182,0.968213927550569,0.95575322031861,0.974800992575992,TRUE
"H1","VN30-VNINDEX",228,0.965894813287383,0.954417143744547,0.975146254338886,TRUE
"H1","VN30-VNINDEX",285,0.964771082333193,0.952316542549153,0.976386094473489,FALSE
"H1","VN30-VNINDEX",357,0.970009937508329,0.951822758162675,0.976716611678188,FALSE
"H1","VN30-VNINDEX",447,0.967156376660863,0.950354603569066,0.97746815615738,FALSE
"H1","VN30-VNINDEX",560,0.972656505584349,0.94865862829309,0.97872547533539,FALSE
"H1","VN30-VNINDEX",701,0.97201048983924,0.947116974798054,0.979194546301317,FALSE
"H1","VN30-VNINDEX",878,0.970265491716487,0.945929964809151,0.980624276731766,FALSE
"H1","VN30-VNINDEX",1099,0.966589039253792,0.943046414676787,0.981354508429687,FALSE
"H1","VN30-VNINDEX",1376,0.971638811571882,0.938178218454619,0.983429471915551,FALSE
"H1","VN30-VNINDEX",1723,0.960770112054006,0.930168793064407,0.98434485124946,FALSE
"H1","VN30-VNINDEX",2156,0.97107984865857,0.938492906174464,0.984396832514028,FALSE
"H1","VN30-VNINDEX",2700,0.960339000487353,0.929187049549316,0.98552865496857,FALSE
"H1","VN30-VNINDEX",3380,0.978940163204733,0.92436511823667,0.987553244214705,FALSE
"H1","VN30-VN100",5,0.987262674793697,0.983660191620538,0.988921093580038,TRUE
"H1","VN30-VN100",6,0.986970469467137,0.984048168038383,0.989199553570809,TRUE
"H1","VN30-VN100",8,0.987734709041576,0.984843627174673,0.989992223395683,TRUE
"H1","VN30-VN100",10,0.988350137434411,0.985664602519636,0.99053565079716,TRUE
"H1","VN30-VN100",12,0.988858739764256,0.985998967735416,0.990798703981042,TRUE
"H1","VN30-VN100",15,0.989005646737346,0.986107189519657,0.990963009547741,TRUE
"H1","VN30-VN100",19,0.988823729180175,0.985853212337069,0.990829292440629,TRUE
"H1","VN30-VN100",24,0.988206574775198,0.985739926199477,0.990624195096987,TRUE
"H1","VN30-VN100",30,0.988243715048761,0.985488507248253,0.990498277737811,TRUE
"H1","VN30-VN100",38,0.987852299433012,0.985045667026653,0.990461503037952,TRUE
"H1","VN30-VN100",47,0.988135135800091,0.984921767717571,0.990399801751719,TRUE
"H1","VN30-VN100",59,0.988086637491275,0.984729189029799,0.990591336047585,TRUE
"H1","VN30-VN100",74,0.988481498768701,0.984538365060513,0.990779256004433,TRUE
"H1","VN30-VN100",93,0.988485111546344,0.984894697481293,0.991126437966394,TRUE
"H1","VN30-VN100",116,0.988689332252697,0.984802099412993,0.991288486154973,TRUE
"H1","VN30-VN100",145,0.988624283702982,0.98450594973697,0.991523307706427,TRUE
"H1","VN30-VN100",182,0.987490971583478,0.983274587690021,0.991367476427068,TRUE
"H1","VN30-VN100",228,0.987357317522654,0.98280450477362,0.991430901698439,TRUE
"H1","VN30-VN100",285,0.985732890316542,0.981859695202003,0.991323457899582,FALSE
"H1","VN30-VN100",357,0.987551504277478,0.981883931083352,0.991605181764807,FALSE
"H1","VN30-VN100",447,0.987192307005712,0.981356357464757,0.99162733214429,FALSE
"H1","VN30-VN100",560,0.989316086825016,0.980992845102269,0.991921781377509,FALSE
"H1","VN30-VN100",701,0.989100454023976,0.980677685731784,0.992076728283197,FALSE
"H1","VN30-VN100",878,0.988456968543078,0.979816578178035,0.992735049031179,FALSE
"H1","VN30-VN100",1099,0.986357124018391,0.979614341908501,0.993006114373035,FALSE
"H1","VN30-VN100",1376,0.985205000048162,0.977795255233367,0.99347440628915,FALSE
"H1","VN30-VN100",1723,0.985685778767359,0.97574026003838,0.9937690036119,FALSE
"H1","VN30-VN100",2156,0.987873582595615,0.974348182313674,0.993558556146584,FALSE
"H1","VN30-VN100",2700,0.988109695082013,0.971818426382218,0.994773652145248,FALSE
"H1","VN30-VN100",3380,0.990753813302961,0.971439623071527,0.995162810230422,FALSE
"H1","VN100-VNINDEX",5,0.965796656203951,0.957044019582488,0.971834186033381,TRUE
"H1","VN100-VNINDEX",6,0.967108056328801,0.959766576040373,0.973312329310511,TRUE
"H1","VN100-VNINDEX",8,0.97126164834207,0.963780452954277,0.976058627014188,TRUE
"H1","VN100-VNINDEX",10,0.973281023240647,0.966720783783398,0.977550224303805,TRUE
"H1","VN100-VNINDEX",12,0.975029759738372,0.967944768313507,0.978814743174002,TRUE
"H1","VN100-VNINDEX",15,0.975502664128469,0.968394287863328,0.979196828377689,TRUE
"H1","VN100-VNINDEX",19,0.974888164688033,0.968557667531859,0.979577030961021,TRUE
"H1","VN100-VNINDEX",24,0.974748701024907,0.96851755339527,0.979612905540186,TRUE
"H1","VN100-VNINDEX",30,0.974404805588285,0.968201211734679,0.979357311313862,TRUE
"H1","VN100-VNINDEX",38,0.975652451125987,0.967493032330471,0.979461172177318,TRUE
"H1","VN100-VNINDEX",47,0.975358746070546,0.967996685525491,0.979559350330237,TRUE
"H1","VN100-VNINDEX",59,0.974539369196117,0.967520897512778,0.979529179241674,TRUE
"H1","VN100-VNINDEX",74,0.975183009917193,0.967548452365346,0.979983240663064,TRUE
"H1","VN100-VNINDEX",93,0.975784678029921,0.968096728481941,0.980194349717896,TRUE
"H1","VN100-VNINDEX",116,0.97573360899928,0.968001369846462,0.981259410856942,TRUE
"H1","VN100-VNINDEX",145,0.976264827684166,0.967929023993979,0.981619117649119,TRUE
"H1","VN100-VNINDEX",182,0.977250893099707,0.966386220471304,0.981799389950135,TRUE
"H1","VN100-VNINDEX",228,0.975239752984396,0.966409310138015,0.981890505413037,TRUE
"H1","VN100-VNINDEX",285,0.974309258161264,0.965657020020841,0.982442680287288,FALSE
"H1","VN100-VNINDEX",357,0.979569630450062,0.964855387921273,0.983129868382253,FALSE
"H1","VN100-VNINDEX",447,0.974236730489615,0.962965859465842,0.983086195621539,FALSE
"H1","VN100-VNINDEX",560,0.978609523622082,0.962713278623103,0.984252880459922,FALSE
"H1","VN100-VNINDEX",701,0.977143965044557,0.962231368036507,0.984087572074704,FALSE
"H1","VN100-VNINDEX",878,0.976487391006508,0.961346431698518,0.984023655986708,FALSE
"H1","VN100-VNINDEX",1099,0.971195213675963,0.958596868654133,0.985343808893146,FALSE
"H1","VN100-VNINDEX",1376,0.973487223981978,0.957335910812274,0.987117974869556,FALSE
"H1","VN100-VNINDEX",1723,0.969411746811086,0.95165837191749,0.987064742636538,FALSE
"H1","VN100-VNINDEX",2156,0.978170743481394,0.95427042349473,0.987187451142648,FALSE
"H1","VN100-VNINDEX",2700,0.970858062811641,0.949220653301833,0.988809243863105,FALSE
"H1","VN100-VNINDEX",3380,0.983739787505703,0.944296932556141,0.989429511863348,FALSE
"H1","Pcap-VN30",5,0.877528912540835,0.850335997732079,0.887966065864919,TRUE
"H1","Pcap-VN30",6,0.873625627272773,0.854697601499465,0.891919706306723,TRUE
"H1","Pcap-VN30",8,0.883392043894877,0.86481272756153,0.899346122843461,TRUE
"H1","Pcap-VN30",10,0.889755870749656,0.872555898867652,0.905553050206911,TRUE
"H1","Pcap-VN30",12,0.894172709634825,0.876379428075918,0.909005364316467,TRUE
"H1","Pcap-VN30",15,0.896662657371723,0.876323595463746,0.909808677970943,TRUE
"H1","Pcap-VN30",19,0.894106761561929,0.87538027091199,0.909642950866446,TRUE
"H1","Pcap-VN30",24,0.89081831391805,0.872822541636564,0.907185233339503,TRUE
"H1","Pcap-VN30",30,0.889992457536196,0.869959662649778,0.906270982756176,TRUE
"H1","Pcap-VN30",38,0.888045901247483,0.867859572703297,0.906666442697597,TRUE
"H1","Pcap-VN30",47,0.890214151974759,0.865644101760642,0.905462672876585,TRUE
"H1","Pcap-VN30",59,0.891632965629129,0.865300860569164,0.906708789026571,TRUE
"H1","Pcap-VN30",74,0.891806729353456,0.86534382216014,0.908262499446899,TRUE
"H1","Pcap-VN30",93,0.89258679499261,0.867238282867119,0.911965732318538,TRUE
"H1","Pcap-VN30",116,0.896240934702438,0.864833202616223,0.91354183335625,TRUE
"H1","Pcap-VN30",145,0.895089153247332,0.862743619191874,0.91682474368748,TRUE
"H1","Pcap-VN30",182,0.885122757844266,0.856062973610316,0.916055576580643,TRUE
"H1","Pcap-VN30",228,0.883723757575834,0.84767523852492,0.916575039042075,TRUE
"H1","Pcap-VN30",285,0.873586297428924,0.840927471299047,0.915550457875683,FALSE
"H1","Pcap-VN30",357,0.88904525432329,0.836308965103928,0.917564754978321,FALSE
"H1","Pcap-VN30",447,0.887410914242156,0.833083858721273,0.918050187641825,FALSE
"H1","Pcap-VN30",560,0.907627451664381,0.826724513875313,0.924165824933289,FALSE
"H1","Pcap-VN30",701,0.903328126000372,0.819299481502696,0.926237908986431,FALSE
"H1","Pcap-VN30",878,0.893680297300692,0.817774072950016,0.92957073050691,FALSE
"H1","Pcap-VN30",1099,0.869558286570682,0.811528381202942,0.931610930159031,FALSE
"H1","Pcap-VN30",1376,0.876464896589853,0.797109381400876,0.938742802396331,FALSE
"H1","Pcap-VN30",1723,0.86667270633688,0.783049630294741,0.94151889797321,FALSE
"H1","Pcap-VN30",2156,0.884484372865652,0.786108386557964,0.938114833672739,FALSE
"H1","Pcap-VN30",2700,0.874703928856812,0.752918653165805,0.949261429473418,FALSE
"H1","Pcap-VN30",3380,0.906735252929682,0.749538945817841,0.954405236068732,FALSE
"H4","VN30-VNINDEX",5,0.964412822610113,0.9582230015048,0.971874797826673,TRUE
"H4","VN30-VNINDEX",6,0.966697239476227,0.958732240592826,0.971688170988259,TRUE
"H4","VN30-VNINDEX",7,0.966789983712623,0.958546857595193,0.971772866037514,TRUE
"H4","VN30-VNINDEX",9,0.967505657319184,0.957760625999099,0.971226857256548,TRUE
"H4","VN30-VNINDEX",11,0.965910351901346,0.957428925964059,0.971087550082014,TRUE
"H4","VN30-VNINDEX",13,0.96401600094851,0.956429832036269,0.970985473292217,TRUE
"H4","VN30-VNINDEX",16,0.964084267843766,0.956683449824609,0.970664836212713,TRUE
"H4","VN30-VNINDEX",19,0.965001334478077,0.957141406708898,0.970831153151656,TRUE
"H4","VN30-VNINDEX",23,0.964952387760936,0.956282997762422,0.970736451563399,TRUE
"H4","VN30-VNINDEX",28,0.966681437304748,0.955934367131656,0.971295399825957,TRUE
"H4","VN30-VNINDEX",34,0.966567989777606,0.956270658221528,0.972361455316458,TRUE
"H4","VN30-VNINDEX",42,0.967132681713751,0.956528690348012,0.973383586890816,TRUE
"H4","VN30-VNINDEX",51,0.967390209157412,0.956361398539738,0.974681590819013,TRUE
"H4","VN30-VNINDEX",62,0.967045049137047,0.956573239947828,0.974749802735481,TRUE
"H4","VN30-VNINDEX",75,0.965358059753682,0.955484357119742,0.975079105259322,TRUE
"H4","VN30-VNINDEX",91,0.965049290375022,0.95463164694287,0.975942100474918,FALSE
"H4","VN30-VNINDEX",110,0.966023762835109,0.952718189110508,0.97699721316418,FALSE
"H4","VN30-VNINDEX",133,0.968361937012687,0.951776323410865,0.977110876412031,FALSE
"H4","VN30-VNINDEX",162,0.970254223981282,0.949941489863839,0.977789685121555,FALSE
"H4","VN30-VNINDEX",196,0.967400405496849,0.950730683646279,0.978170523162598,FALSE
"H4","VN30-VNINDEX",238,0.968702544652729,0.950552884711883,0.979323317730143,FALSE
"H4","VN30-VNINDEX",288,0.971632945332971,0.948174742622499,0.98036000224014,FALSE
"H4","VN30-VNINDEX",350,0.969837706103913,0.946625290498164,0.980947078201142,FALSE
"H4","VN30-VNINDEX",424,0.968291822008411,0.94841605728863,0.981504399692347,FALSE
"H4","VN30-VNINDEX",515,0.973538016321136,0.944946760600746,0.982191293015933,FALSE
"H4","VN30-VNINDEX",624,0.970742991990376,0.943165457061291,0.983325580173515,FALSE
"H4","VN30-VNINDEX",758,0.966102281596831,0.938873182392555,0.984043785465509,FALSE
"H4","VN30-VNINDEX",919,0.977824823274761,0.93683564340703,0.985932253928707,FALSE
"H4","VN30-VNINDEX",1115,0.965049616640697,0.933460920651091,0.9857076976282,FALSE
"H4","VN30-VNINDEX",1352,0.978951495682186,0.919751673661358,0.987290814854445,FALSE
"H4","VN30-VN100",5,0.988371175160284,0.986426103391753,0.991156799750603,TRUE
"H4","VN30-VN100",6,0.989025077318192,0.986389913119188,0.99102770491656,TRUE
"H4","VN30-VN100",7,0.989040463327702,0.986299183313458,0.990897436019227,TRUE
"H4","VN30-VN100",9,0.988981898952061,0.985914901573302,0.990864857712072,TRUE
"H4","VN30-VN100",11,0.98866698535109,0.985667294414729,0.990591086312332,TRUE
"H4","VN30-VN100",13,0.987515369199017,0.985360372524032,0.990678417492712,TRUE
"H4","VN30-VN100",16,0.987490046543465,0.984968289999865,0.990636917823366,TRUE
"H4","VN30-VN100",19,0.98789492925956,0.985074991783675,0.990471023435836,TRUE
"H4","VN30-VN100",23,0.987947928413192,0.984495936550178,0.990553625787263,TRUE
"H4","VN30-VN100",28,0.988612390164241,0.98464557891435,0.990708148994255,TRUE
"H4","VN30-VN100",34,0.988328407430634,0.984843957442208,0.991031985878156,TRUE
"H4","VN30-VN100",42,0.988025164898817,0.98466917659501,0.991230489719566,TRUE
"H4","VN30-VN100",51,0.988391464680488,0.984854244968493,0.991529339962403,TRUE
"H4","VN30-VN100",62,0.987607804341083,0.984369283217855,0.991464230696296,TRUE
"H4","VN30-VN100",75,0.987551941409589,0.983506991329429,0.991518827059697,TRUE
"H4","VN30-VN100",91,0.986989106219512,0.982682723087639,0.991427310239563,FALSE
"H4","VN30-VN100",110,0.986859709349895,0.982136881884652,0.991378069743938,FALSE
"H4","VN30-VN100",133,0.986908424746006,0.981959345302635,0.991646159189927,FALSE
"H4","VN30-VN100",162,0.98884262456718,0.98185354974392,0.991761219265468,FALSE
"H4","VN30-VN100",196,0.987023392741758,0.980766981495499,0.991971004617643,FALSE
"H4","VN30-VN100",238,0.987337091912013,0.981552102226348,0.992120095043619,FALSE
"H4","VN30-VN100",288,0.988284291431743,0.981167769020267,0.99250666323039,FALSE
"H4","VN30-VN100",350,0.987964655799317,0.980646082378245,0.992671600989546,FALSE
"H4","VN30-VN100",424,0.987383059146039,0.980816120339688,0.992982720551491,FALSE
"H4","VN30-VN100",515,0.988995721138164,0.981018345754146,0.99344457583953,FALSE
"H4","VN30-VN100",624,0.987930937998673,0.978774689046435,0.993815411117064,FALSE
"H4","VN30-VN100",758,0.984441651680947,0.97769172622587,0.994002553843511,FALSE
"H4","VN30-VN100",919,0.989578925530252,0.977516494109379,0.994468661108776,FALSE
"H4","VN30-VN100",1115,0.989951201095778,0.975568397570623,0.994908619304651,FALSE
"H4","VN30-VN100",1352,0.990759251889803,0.973409716676431,0.995112356052769,FALSE
"H4","VN100-VNINDEX",5,0.973566339513996,0.967814459296787,0.979658828263152,TRUE
"H4","VN100-VNINDEX",6,0.97564457632591,0.968067949426466,0.980049728964928,TRUE
"H4","VN100-VNINDEX",7,0.975388814821392,0.96852154524089,0.980051744299008,TRUE
"H4","VN100-VNINDEX",9,0.97595750207487,0.96805412907184,0.979719318009941,TRUE
"H4","VN100-VNINDEX",11,0.974478322489759,0.967990385454989,0.979519157859328,TRUE
"H4","VN100-VNINDEX",13,0.973595929170178,0.967319924970493,0.979717043396957,TRUE
"H4","VN100-VNINDEX",16,0.973906739237236,0.967398648829608,0.979882101787289,TRUE
"H4","VN100-VNINDEX",19,0.974836639160805,0.967198750880669,0.979829857717031,TRUE
"H4","VN100-VNINDEX",23,0.974226594295574,0.967692687583938,0.979719496572711,TRUE
"H4","VN100-VNINDEX",28,0.975291647100257,0.967181194315761,0.979879421883474,TRUE
"H4","VN100-VNINDEX",34,0.975049462440974,0.967131093842171,0.980319527012752,TRUE
"H4","VN100-VNINDEX",42,0.975551867796786,0.967437811806466,0.980758007650433,TRUE
"H4","VN100-VNINDEX",51,0.976207227851405,0.967793502213685,0.981597662467738,TRUE
"H4","VN100-VNINDEX",62,0.976077660860556,0.967964218722999,0.981799098893538,TRUE
"H4","VN100-VNINDEX",75,0.973486852321416,0.967644783383,0.982236973776521,TRUE
"H4","VN100-VNINDEX",91,0.974984169257069,0.966799737725333,0.982083083014638,FALSE
"H4","VN100-VNINDEX",110,0.975501906663719,0.965543957916634,0.98256611671329,FALSE
"H4","VN100-VNINDEX",133,0.975977413483445,0.964624985310659,0.982804794960861,FALSE
"H4","VN100-VNINDEX",162,0.977497563139077,0.963802928173946,0.983427676155964,FALSE
"H4","VN100-VNINDEX",196,0.974569454522093,0.963637275274088,0.983393998437876,FALSE
"H4","VN100-VNINDEX",238,0.975784776262715,0.963781561301321,0.98397950861355,FALSE
"H4","VN100-VNINDEX",288,0.976782783486366,0.961983145520064,0.983819988098463,FALSE
"H4","VN100-VNINDEX",350,0.976589585079397,0.961843857659705,0.984127532121957,FALSE
"H4","VN100-VNINDEX",424,0.973288290895929,0.960944687176492,0.984141099917844,FALSE
"H4","VN100-VNINDEX",515,0.972777733024932,0.9581016477324,0.98538191666132,FALSE
"H4","VN100-VNINDEX",624,0.975249821924171,0.955839230970795,0.986464040930851,FALSE
"H4","VN100-VNINDEX",758,0.971168250121265,0.953368421937662,0.987298786862495,FALSE
"H4","VN100-VNINDEX",919,0.983458359674911,0.950198937628183,0.988006535587169,FALSE
"H4","VN100-VNINDEX",1115,0.976015385683267,0.947099115139131,0.987754468629007,FALSE
"H4","VN100-VNINDEX",1352,0.98375191961669,0.938490570069897,0.989382178162718,FALSE
"H4","Pcap-VN30",5,0.888424863838392,0.875041890342493,0.910228840676255,TRUE
"H4","Pcap-VN30",6,0.896196580858191,0.875503185803221,0.910030304709399,TRUE
"H4","Pcap-VN30",7,0.896997925004681,0.87596582206736,0.90927543477528,TRUE
"H4","Pcap-VN30",9,0.896451441333612,0.871736540525927,0.908847972723559,TRUE
"H4","Pcap-VN30",11,0.890908951226167,0.870244472317196,0.907298739668351,TRUE
"H4","Pcap-VN30",13,0.882839612746052,0.86712442211044,0.907468872287232,TRUE
"H4","Pcap-VN30",16,0.882132741902408,0.864290284676353,0.907444614212763,TRUE
"H4","Pcap-VN30",19,0.887345647838228,0.86405106435147,0.906038931745513,TRUE
"H4","Pcap-VN30",23,0.886394808716232,0.861320369687539,0.907412704565346,TRUE
"H4","Pcap-VN30",28,0.891723359360184,0.862085600926928,0.90797733293659,TRUE
"H4","Pcap-VN30",34,0.889497110953038,0.863141986969762,0.912331411984603,TRUE
"H4","Pcap-VN30",42,0.890836086558139,0.863265371590443,0.913216433376531,TRUE
"H4","Pcap-VN30",51,0.891759418583512,0.862068722405498,0.916491486153747,TRUE
"H4","Pcap-VN30",62,0.88686840237969,0.857454026344376,0.915937098660121,TRUE
"H4","Pcap-VN30",75,0.88522449260999,0.854000542450464,0.916612767758634,TRUE
"H4","Pcap-VN30",91,0.879902762366921,0.849625602206403,0.915532744025855,FALSE
"H4","Pcap-VN30",110,0.876710014035443,0.846487750947843,0.91690758676639,FALSE
"H4","Pcap-VN30",133,0.880633860231987,0.840763139377877,0.921008464529555,FALSE
"H4","Pcap-VN30",162,0.897737577654848,0.839131042126597,0.921272048314924,FALSE
"H4","Pcap-VN30",196,0.881336498892147,0.8363573672301,0.922140459845972,FALSE
"H4","Pcap-VN30",238,0.887859311943056,0.839737246894246,0.926325450655578,FALSE
"H4","Pcap-VN30",288,0.895309426632514,0.835597965258788,0.928752519781757,FALSE
"H4","Pcap-VN30",350,0.890877876474168,0.826593179935396,0.93140666530561,FALSE
"H4","Pcap-VN30",424,0.893702569005675,0.825313357624318,0.936356695126181,FALSE
"H4","Pcap-VN30",515,0.893488775745488,0.823027498696812,0.935425618630187,FALSE
"H4","Pcap-VN30",624,0.889614926440605,0.819648383995236,0.941633672388014,FALSE
"H4","Pcap-VN30",758,0.848239036402975,0.802747698895114,0.941456723453851,FALSE
"H4","Pcap-VN30",919,0.906102501832142,0.789318738027441,0.947142575422436,FALSE
"H4","Pcap-VN30",1115,0.898723073889084,0.78422630055405,0.95311105571314,FALSE
"H4","Pcap-VN30",1352,0.906719870221574,0.761558829097721,0.950750093960001,FALSE
