"timeframe","pair","q","lambda_xy","h_x","h_y"
"1D","VN30-VNINDEX",-5,0.867587375035546,0.727467296422987,0.70862106490181
"1D","VN30-VNINDEX",-4,0.824834600825912,0.69895799719365,0.68911212077123
"1D","VN30-VNINDEX",-3,0.762437845119287,0.667380662363288,0.667355503160047
"1D","VN30-VNINDEX",-2,0.686596075340641,0.637126848281962,0.643958269963647
"1D","VN30-VNINDEX",-1,0.632828105282507,0.612159530521636,0.619466392381348
"1D","VN30-VNINDEX",1,0.567660549273051,0.565076709439564,0.564750598416592
"1D","VN30-VNINDEX",2,0.535900546578175,0.537178596713467,0.533230616566216
"1D","VN30-VNINDEX",3,0.504021112473691,0.50778148464874,0.500656016295907
"1D","VN30-VNINDEX",4,0.47412284043503,0.479599588603384,0.469604383111695
"1D","VN30-VNINDEX",5,0.447718739415561,0.454431942640479,0.442018160334962
"1D","VN30-VN100",-5,0.755747353748678,0.727467296422987,0.743055473529271
"1D","VN30-VN100",-4,0.722217012750909,0.69895799719365,0.713856210289896
"1D","VN30-VN100",-3,0.684248227239292,0.667380662363288,0.680482915169698
"1D","VN30-VN100",-2,0.64846557262347,0.637126848281962,0.648149957763883
"1D","VN30-VN100",-1,0.61942547108536,0.612159530521636,0.621109796155756
"1D","VN30-VN100",1,0.567480779099346,0.565076709439564,0.569055735814903
"1D","VN30-VN100",2,0.538301722444151,0.537178596713467,0.539469473189385
"1D","VN30-VN100",3,0.508187537122632,0.50778148464874,0.509212261609732
"1D","VN30-VN100",4,0.479633285033706,0.479599588603384,0.48063124110163
"1D","VN30-VN100",5,0.454218986603593,0.454431942640479,0.455127603549599
"1D","VN100-VNINDEX",-5,0.810406695832412,0.743055473529271,0.70862106490181
"1D","VN100-VNINDEX",-4,0.775067973020374,0.713856210289896,0.68911212077123
"1D","VN100-VNINDEX",-3,0.728770469936648,0.680482915169698,0.667355503160047
"1D","VN100-VNINDEX",-2,0.674969005457181,0.648149957763883,0.643958269963647
"1D","VN100-VNINDEX",-1,0.631718793368918,0.621109796155756,0.619466392381348
"1D","VN100-VNINDEX",1,0.568412280148356,0.569055735814903,0.564750598416592
"1D","VN100-VNINDEX",2,0.536528537062281,0.539469473189385,0.533230616566216
"1D","VN100-VNINDEX",3,0.504615333158904,0.509212261609732,0.500656016295907
"1D","VN100-VNINDEX",4,0.474671382478398,0.48063124110163,0.469604383111695
"1D","VN100-VNINDEX",5,0.448120023075272,0.455127603549599,0.442018160334962
"1D","Pcap-VN30",-5,1.11045831546332,0.730878819404256,0.727467296422987
"1D","Pcap-VN30",-4,1.05001470163183,0.707567188963894,0.69895799719365
"1D","Pcap-VN30",-3,0.956059792169468,0.682157383236696,0.667380662363288
"1D","Pcap-VN30",-2,0.813938215243744,0.655875600662683,0.637126848281962
"1D","Pcap-VN30",-1,0.670057151194494,0.629437414661049,0.612159530521636
"1D","Pcap-VN30",1,0.572865317663169,0.573415028344183,0.565076709439564
"1D","Pcap-VN30",2,0.540077663434467,0.54349162619149,0.537178596713467
"1D","Pcap-VN30",3,0.509023885823111,0.514461636599651,0.50778148464874
"1D","Pcap-VN30",4,0.480376282806005,0.487714724762645,0.479599588603384
"1D","Pcap-VN30",5,0.454885915719529,0.463732468465902,0.454431942640479
"1D","Pheur-VN30",-5,0.856075785328747,0.7037958904936,0.727467296422987
"1D","Pheur-VN30",-4,0.805018294067659,0.679942775922326,0.69895799719365
"1D","Pheur-VN30",-3,0.727686460614951,0.652514598742282,0.667380662363288
"1D","Pheur-VN30",-2,0.613480119524756,0.624776984281228,0.637126848281962
"1D","Pheur-VN30",-1,0.528365439165533,0.600651848909608,0.612159530521636
"1D","Pheur-VN30",1,0.5310284000686,0.559969270266601,0.565076709439564
"1D","Pheur-VN30",2,0.526006895146369,0.539149227077931,0.537178596713467
"1D","Pheur-VN30",3,0.513729872103757,0.51737686141686,0.50778148464874
"1D","Pheur-VN30",4,0.498381322868803,0.496013226841727,0.479599588603384
"1D","Pheur-VN30",5,0.482708542107027,0.47649598218204,0.454431942640479
"1D","Pratio-VN30",-5,0.867604765715447,0.690016862784687,0.727467296422987
"1D","Pratio-VN30",-4,0.817424212201578,0.669273369141998,0.69895799719365
"1D","Pratio-VN30",-3,0.74128630289375,0.645555420720033,0.667380662363288
"1D","Pratio-VN30",-2,0.631409473707771,0.620790459150631,0.637126848281962
"1D","Pratio-VN30",-1,0.552047434670362,0.597951832719409,0.612159530521636
"1D","Pratio-VN30",1,0.543093028714476,0.558348371040492,0.565076709439564
"1D","Pratio-VN30",2,0.531173955885399,0.53827979979245,0.537178596713467
"1D","Pratio-VN30",3,0.515791260886856,0.517265461046333,0.50778148464874
"1D","Pratio-VN30",4,0.499469072103655,0.49636978335138,0.479599588603384
"1D","Pratio-VN30",5,0.483796871793593,0.47694717735854,0.454431942640479
"1D","Pres-VN30",-5,0.896506231215178,0.728404982381972,0.727467296422987
"1D","Pres-VN30",-4,0.845053369582822,0.700827496107769,0.69895799719365
"1D","Pres-VN30",-3,0.766120632268474,0.668093484820924,0.667380662363288
"1D","Pres-VN30",-2,0.654169445385897,0.634944604230249,0.637126848281962
"1D","Pres-VN30",-1,0.57341343093885,0.607302554106747,0.612159530521636
"1D","Pres-VN30",1,0.548786422245751,0.562866551832393,0.565076709439564
"1D","Pres-VN30",2,0.534294974195965,0.540451960267984,0.537178596713467
"1D","Pres-VN30",3,0.515305334790191,0.517466205205033,0.50778148464874
"1D","Pres-VN30",4,0.494721679608613,0.495596273511245,0.479599588603384
"1D","Pres-VN30",5,0.474745794060098,0.476183492801708,0.454431942640479
"M30","VN30-VNINDEX",-5,0.84851198947181,0.690492759552433,0.695022664900257
"M30","VN30-VNINDEX",-4,0.801826658731046,0.673130319437356,0.676976958882676
"M30","VN30-VNINDEX",-3,0.742164832624366,0.65370533694699,0.657067880740758
"M30","VN30-VNINDEX",-2,0.674432744330936,0.633439758359089,0.637152292168541
"M30","VN30-VNINDEX",-1,0.626038788577694,0.613641275365152,0.618245057552932
"M30","VN30-VNINDEX",1,0.573553725673658,0.56912140862185,0.57372762758478
"M30","VN30-VNINDEX",2,0.541129283974258,0.538452886834477,0.541767701728417
"M30","VN30-VNINDEX",3,0.504651241667369,0.503313994849036,0.505431684113398
"M30","VN30-VNINDEX",4,0.471257046029483,0.470496806762166,0.472207052207681
"M30","VN30-VNINDEX",5,0.444571866737312,0.44392485917912,0.445715961481007
"M30","VN30-VN100",-5,0.784084363157991,0.690492759552433,0.702945494457018
"M30","VN30-VN100",-4,0.755760908254992,0.673130319437356,0.683470076973979
"M30","VN30-VN100",-3,0.717828676933478,0.65370533694699,0.661791297715945
"M30","VN30-VN100",-2,0.662466836465055,0.633439758359089,0.639926091870182
"M30","VN30-VN100",-1,0.619762041361026,0.613641275365152,0.61926641669445
"M30","VN30-VN100",1,0.571299471202357,0.56912140862185,0.572498435750762
"M30","VN30-VN100",2,0.53957358487419,0.538452886834477,0.540418002527018
"M30","VN30-VN100",3,0.503718123724553,0.503313994849036,0.504409460803124
"M30","VN30-VN100",4,0.470574273453865,0.470496806762166,0.471283851420053
"M30","VN30-VN100",5,0.44384273666956,0.44392485917912,0.444559876662289
"M30","VN100-VNINDEX",-5,0.875329008807881,0.702945494457018,0.695022664900257
"M30","VN100-VNINDEX",-4,0.832559476948971,0.683470076973979,0.676976958882676
"M30","VN100-VNINDEX",-3,0.770536113910243,0.661791297715945,0.657067880740758
"M30","VN100-VNINDEX",-2,0.682858726241679,0.639926091870182,0.637152292168541
"M30","VN100-VNINDEX",-1,0.626939118155935,0.61926641669445,0.618245057552932
"M30","VN100-VNINDEX",1,0.574734537809792,0.572498435750762,0.57372762758478
"M30","VN100-VNINDEX",2,0.541666350945027,0.540418002527018,0.541767701728417
"M30","VN100-VNINDEX",3,0.504757324462745,0.504409460803124,0.505431684113398
"M30","VN100-VNINDEX",4,0.471171133096846,0.471283851420053,0.472207052207681
"M30","VN100-VNINDEX",5,0.444364225705634,0.444559876662289,0.445715961481007
"M30","Pcap-VN30",-5,0.939114745462306,0.734566001251132,0.690492759552433
"M30","Pcap-VN30",-4,0.889358345847634,0.709355233587226,0.673130319437356
"M30","Pcap-VN30",-3,0.813882580866333,0.680030962593218,0.65370533694699
"M30","Pcap-VN30",-2,0.715304529285765,0.65097747570559,0.633439758359089
"M30","Pcap-VN30",-1,0.644878892291785,0.626259626193217,0.613641275365152
"M30","Pcap-VN30",1,0.576762572567089,0.574658897924648,0.56912140862185
"M30","Pcap-VN30",2,0.541734881292902,0.542041450807592,0.538452886834477
"M30","Pcap-VN30",3,0.504447806708907,0.507720821577763,0.503313994849036
"M30","Pcap-VN30",4,0.47109126641587,0.477138880785714,0.470496806762166
"M30","Pcap-VN30",5,0.444442436187317,0.452416821401801,0.44392485917912
"M30","Pheur-VN30",-5,0.730969350883287,0.637091369931297,0.690492759552433
"M30","Pheur-VN30",-4,0.689539740271427,0.621133491350983,0.673130319437356
"M30","Pheur-VN30",-3,0.630759005415414,0.605266873400599,0.65370533694699
"M30","Pheur-VN30",-2,0.562315694531539,0.590306912616211,0.633439758359089
"M30","Pheur-VN30",-1,0.539109032328146,0.576481283555373,0.613641275365152
"M30","Pheur-VN30",1,0.541273558001605,0.546769626513322,0.56912140862185
"M30","Pheur-VN30",2,0.526674926388366,0.528430884643057,0.538452886834477
"M30","Pheur-VN30",3,0.507674631557099,0.508556813251145,0.503313994849036
"M30","Pheur-VN30",4,0.488266294021704,0.489078155462225,0.470496806762166
"M30","Pheur-VN30",5,0.470442506899934,0.471424405879531,0.44392485917912
"M30","Pratio-VN30",-5,0.895793586893505,0.635571047520537,0.690492759552433
"M30","Pratio-VN30",-4,0.846435882106747,0.619631596139723,0.673130319437356
"M30","Pratio-VN30",-3,0.767976266453826,0.603846637853498,0.65370533694699
"M30","Pratio-VN30",-2,0.652901567996519,0.588988878878052,0.633439758359089
"M30","Pratio-VN30",-1,0.575581966119184,0.575173512859976,0.613641275365152
"M30","Pratio-VN30",1,0.543942199995068,0.545565558136975,0.56912140862185
"M30","Pratio-VN30",2,0.526508453363977,0.527530969646998,0.538452886834477
"M30","Pratio-VN30",3,0.506590609203443,0.508000649655487,0.503313994849036
"M30","Pratio-VN30",4,0.486641767526377,0.488740061116342,0.470496806762166
"M30","Pratio-VN30",5,0.468311087526963,0.471155246380897,0.44392485917912
"M30","Pres-VN30",-5,0.963768480454138,0.642118006780659,0.690492759552433
"M30","Pres-VN30",-4,0.913460385206651,0.625949641238937,0.673130319437356
"M30","Pres-VN30",-3,0.833907773310785,0.609620444939852,0.65370533694699
"M30","Pres-VN30",-2,0.708387388733659,0.593979138358423,0.633439758359089
"M30","Pres-VN30",-1,0.59640558265768,0.579346468470998,0.613641275365152
"M30","Pres-VN30",1,0.547649038295397,0.548244815356847,0.56912140862185
"M30","Pres-VN30",2,0.529172275903389,0.52935018836157,0.538452886834477
"M30","Pres-VN30",3,0.508393992625778,0.509064727698327,0.503313994849036
"M30","Pres-VN30",4,0.488043514973442,0.489372662152144,0.470496806762166
"M30","Pres-VN30",5,0.469846091766685,0.471651676502746,0.44392485917912
"H1","VN30-VNINDEX",-5,0.788540769103136,0.677318093006308,0.700111285763916
"H1","VN30-VNINDEX",-4,0.746703675169192,0.656366779331659,0.675958369809602
"H1","VN30-VNINDEX",-3,0.697599341853722,0.635156901785926,0.649488092539401
"H1","VN30-VNINDEX",-2,0.648845000820737,0.615535098285469,0.624803874272457
"H1","VN30-VNINDEX",-1,0.612202839042261,0.597985119073486,0.604058259316043
"H1","VN30-VNINDEX",1,0.563101975757256,0.560259052009875,0.561508891439789
"H1","VN30-VNINDEX",2,0.536269487595972,0.535847495689856,0.535049260870319
"H1","VN30-VNINDEX",3,0.508198256667667,0.509185977343954,0.507083130844461
"H1","VN30-VNINDEX",4,0.482463327459981,0.484034517023883,0.481392970888949
"H1","VN30-VNINDEX",5,0.460829664891026,0.46254327314458,0.459795429392751
"H1","VN30-VN100",-5,0.713724080753298,0.677318093006308,0.68341448220684
"H1","VN30-VN100",-4,0.687941205251104,0.656366779331659,0.663798071398992
"H1","VN30-VN100",-3,0.657634459026003,0.635156901785926,0.642294582369973
"H1","VN30-VN100",-2,0.625968719630144,0.615535098285469,0.621259316009787
"H1","VN30-VN100",-1,0.602069565258744,0.597985119073486,0.60228872816331
"H1","VN30-VN100",1,0.56117851287942,0.560259052009875,0.561735102121071
"H1","VN30-VN100",2,0.535847988148208,0.535847495689856,0.535966755944947
"H1","VN30-VN100",3,0.508596267217428,0.509185977343954,0.508520204247626
"H1","VN30-VN100",4,0.483193271147442,0.484034517023883,0.483168396799167
"H1","VN30-VN100",5,0.461600526594617,0.46254327314458,0.461677700255072
"H1","VN100-VNINDEX",-5,0.856573715437685,0.68341448220684,0.700111285763916
"H1","VN100-VNINDEX",-4,0.812110448934111,0.663798071398992,0.675958369809602
"H1","VN100-VNINDEX",-3,0.74980079354344,0.642294582369973,0.649488092539401
"H1","VN100-VNINDEX",-2,0.669472555624773,0.621259316009787,0.624803874272457
"H1","VN100-VNINDEX",-1,0.612971759210876,0.60228872816331,0.604058259316043
"H1","VN100-VNINDEX",1,0.562998282812383,0.561735102121071,0.561508891439789
"H1","VN100-VNINDEX",2,0.535822435314645,0.535966755944947,0.535049260870319
"H1","VN100-VNINDEX",3,0.50754586975762,0.508520204247626,0.507083130844461
"H1","VN100-VNINDEX",4,0.481795739605523,0.483168396799167,0.481392970888949
"H1","VN100-VNINDEX",5,0.460196757150454,0.461677700255072,0.459795429392751
"H1","Pcap-VN30",-5,0.895747094804841,0.715797443337924,0.677318093006308
"H1","Pcap-VN30",-4,0.84191337442911,0.690428986162389,0.656366779331659
"H1","Pcap-VN30",-3,0.765519218998568,0.660681740676868,0.635156901785926
"H1","Pcap-VN30",-2,0.678764489676635,0.632354428440613,0.615535098285469
"H1","Pcap-VN30",-1,0.622448672877223,0.609400582765322,0.597985119073486
"H1","Pcap-VN30",1,0.563843549285222,0.563909941782886,0.560259052009875
"H1","Pcap-VN30",2,0.53564328081991,0.536841353051406,0.535847495689856
"H1","Pcap-VN30",3,0.507276213075209,0.509849429372125,0.509185977343954
"H1","Pcap-VN30",4,0.481825100604238,0.486306107457644,0.484034517023883
"H1","Pcap-VN30",5,0.46048453626237,0.466942381741253,0.46254327314458
"H1","Pheur-VN30",-5,0.916383638137163,0.665654779104494,0.677318093006308
"H1","Pheur-VN30",-4,0.864898461535887,0.647583506360939,0.656366779331659
"H1","Pheur-VN30",-3,0.78308059977308,0.627068251018003,0.635156901785926
"H1","Pheur-VN30",-2,0.662328684463449,0.607591051186767,0.615535098285469
"H1","Pheur-VN30",-1,0.580418367769459,0.591328249796262,0.597985119073486
"H1","Pheur-VN30",1,0.551804119604271,0.559425899209732,0.560259052009875
"H1","Pheur-VN30",2,0.536785759472408,0.539907839400645,0.535847495689856
"H1","Pheur-VN30",3,0.519732177937036,0.517921291209492,0.509185977343954
"H1","Pheur-VN30",4,0.503021251317421,0.495583582498783,0.484034517023883
"H1","Pheur-VN30",5,0.487949409344857,0.475056853856522,0.46254327314458
"H1","Pratio-VN30",-5,0.804874417824573,0.659819358578796,0.677318093006308
"H1","Pratio-VN30",-4,0.755419809168911,0.641481225880832,0.656366779331659
"H1","Pratio-VN30",-3,0.681470796644921,0.622061337824359,0.635156901785926
"H1","Pratio-VN30",-2,0.58936509044272,0.604286210591184,0.615535098285469
"H1","Pratio-VN30",-1,0.551558542890551,0.58890537626237,0.597985119073486
"H1","Pratio-VN30",1,0.549203786660131,0.558213896410956,0.560259052009875
"H1","Pratio-VN30",2,0.534608223024851,0.53978148371611,0.535847495689856
"H1","Pratio-VN30",3,0.518340282680567,0.519126954391883,0.509185977343954
"H1","Pratio-VN30",4,0.502458477841039,0.497953195542732,0.484034517023883
"H1","Pratio-VN30",5,0.488179210835262,0.478200955917137,0.46254327314458
"H1","Pres-VN30",-5,0.830204976561988,0.686780929111637,0.677318093006308
"H1","Pres-VN30",-4,0.781529508714522,0.666714948729058,0.656366779331659
"H1","Pres-VN30",-3,0.707867308849241,0.641384798068922,0.635156901785926
"H1","Pres-VN30",-2,0.609928698370186,0.615178270570644,0.615535098285469
"H1","Pres-VN30",-1,0.550964048219522,0.595672600543675,0.597985119073486
"H1","Pres-VN30",1,0.550334926113342,0.561083803199745,0.560259052009875
"H1","Pres-VN30",2,0.53797649734978,0.539990525730567,0.535847495689856
"H1","Pres-VN30",3,0.519666695442197,0.51640910550722,0.509185977343954
"H1","Pres-VN30",4,0.500756473103009,0.492999185628642,0.484034517023883
"H1","Pres-VN30",5,0.483506514021224,0.472046763685719,0.46254327314458
"H4","VN30-VNINDEX",-5,0.87146616461858,0.726799345905124,0.703559224220043
"H4","VN30-VNINDEX",-4,0.831375018507463,0.693812115506891,0.680829834722411
"H4","VN30-VNINDEX",-3,0.771525424921191,0.656860893647904,0.655233920140257
"H4","VN30-VNINDEX",-2,0.688049551680371,0.624869884461457,0.630651010734053
"H4","VN30-VNINDEX",-1,0.6213959034117,0.602401607007069,0.609405379261255
"H4","VN30-VNINDEX",1,0.565843028733817,0.563473629477413,0.563669351263743
"H4","VN30-VNINDEX",2,0.538412641196698,0.539926512514615,0.53575901843754
"H4","VN30-VNINDEX",3,0.51173496238475,0.515675520374184,0.508247572121699
"H4","VN30-VNINDEX",4,0.488804053167546,0.493905771794609,0.484508607623272
"H4","VN30-VNINDEX",5,0.470257788591678,0.475770024260048,0.465319923045841
"H4","VN30-VN100",-5,0.767069071008478,0.726799345905124,0.724325083305491
"H4","VN30-VN100",-4,0.728176382201784,0.693812115506891,0.696530533684325
"H4","VN30-VN100",-3,0.679797536468875,0.656860893647904,0.663681326515625
"H4","VN30-VN100",-2,0.636028024100121,0.624869884461457,0.632369070149311
"H4","VN30-VN100",-1,0.607626529814758,0.602401607007069,0.60858861560081
"H4","VN30-VN100",1,0.564136996402253,0.563473629477413,0.564444573331624
"H4","VN30-VN100",2,0.539071374881676,0.539926512514615,0.53831114755961
"H4","VN30-VN100",3,0.513919061286205,0.515675520374184,0.512569255582761
"H4","VN30-VN100",4,0.491800784034391,0.493905771794609,0.4902950282763
"H4","VN30-VN100",5,0.4735804969463,0.475770024260048,0.47210080981973
"H4","VN100-VNINDEX",-5,0.793773431250295,0.724325083305491,0.703559224220043
"H4","VN100-VNINDEX",-4,0.760322973113627,0.696530533684325,0.680829834722411
"H4","VN100-VNINDEX",-3,0.714738776097892,0.663681326515625,0.655233920140257
"H4","VN100-VNINDEX",-2,0.661459958279132,0.632369070149311,0.630651010734053
"H4","VN100-VNINDEX",-1,0.61958811654788,0.60858861560081,0.609405379261255
"H4","VN100-VNINDEX",1,0.565409508614975,0.564444573331624,0.563669351263743
"H4","VN100-VNINDEX",2,0.537150891128079,0.53831114755961,0.53575901843754
"H4","VN100-VNINDEX",3,0.50997072374607,0.512569255582761,0.508247572121699
"H4","VN100-VNINDEX",4,0.486835608187161,0.4902950282763,0.484508607623272
"H4","VN100-VNINDEX",5,0.46819135366344,0.47210080981973,0.465319923045841
"H4","Pcap-VN30",-5,0.941629351087289,0.745022245443944,0.726799345905124
"H4","Pcap-VN30",-4,0.887971073602989,0.716430368032244,0.693812115506891
"H4","Pcap-VN30",-3,0.810054339963822,0.681757588306882,0.656860893647904
"H4","Pcap-VN30",-2,0.712061739646291,0.647737557174417,0.624869884461457
"H4","Pcap-VN30",-1,0.637402890791057,0.620197026005659,0.602401607007069
"H4","Pcap-VN30",1,0.566561176151714,0.565885349559754,0.563473629477413
"H4","Pcap-VN30",2,0.536827569905087,0.535768630369868,0.539926512514615
"H4","Pcap-VN30",3,0.509761095331731,0.508528010610457,0.515675520374184
"H4","Pcap-VN30",4,0.487247858731641,0.486590281685394,0.493905771794609
"H4","Pcap-VN30",5,0.469151580512361,0.469507352226097,0.475770024260048
"H4","Pheur-VN30",-5,0.857872986983656,0.686248659279413,0.726799345905124
"H4","Pheur-VN30",-4,0.808293700381224,0.664574258168305,0.693812115506891
"H4","Pheur-VN30",-3,0.733005271407032,0.641105917048545,0.656860893647904
"H4","Pheur-VN30",-2,0.633066039358248,0.618507488609152,0.624869884461457
"H4","Pheur-VN30",-1,0.566553437393969,0.599233913398719,0.602401607007069
"H4","Pheur-VN30",1,0.545545562941947,0.563655443781451,0.563473629477413
"H4","Pheur-VN30",2,0.533989059497847,0.543139435819769,0.539926512514615
"H4","Pheur-VN30",3,0.518015825066555,0.521275074856383,0.515675520374184
"H4","Pheur-VN30",4,0.50095850240145,0.500216595308163,0.493905771794609
"H4","Pheur-VN30",5,0.485119968431005,0.481612416154545,0.475770024260048
"H4","Pratio-VN30",-5,0.77895705663774,0.682589687480902,0.726799345905124
"H4","Pratio-VN30",-4,0.736082100464581,0.660928471230752,0.693812115506891
"H4","Pratio-VN30",-3,0.673734862161216,0.637454030052958,0.656860893647904
"H4","Pratio-VN30",-2,0.594495696507407,0.614953087822743,0.624869884461457
"H4","Pratio-VN30",-1,0.547979861592412,0.596183828807807,0.602401607007069
"H4","Pratio-VN30",1,0.546001456120258,0.562816615773489,0.563473629477413
"H4","Pratio-VN30",2,0.536016791063368,0.543931654633769,0.539926512514615
"H4","Pratio-VN30",3,0.521413364445105,0.523778853302992,0.515675520374184
"H4","Pratio-VN30",4,0.505859744098758,0.504116861250854,0.493905771794609
"H4","Pratio-VN30",5,0.491484064734371,0.486432978889844,0.475770024260048
"H4","Pres-VN30",-5,0.685346008205495,0.702629383112061,0.726799345905124
"H4","Pres-VN30",-4,0.652810406999816,0.677642785878806,0.693812115506891
"H4","Pres-VN30",-3,0.609802277262568,0.650712513011232,0.656860893647904
"H4","Pres-VN30",-2,0.562782804629207,0.625504545686477,0.624869884461457
"H4","Pres-VN30",-1,0.540905753279391,0.604350730609853,0.602401607007069
"H4","Pres-VN30",1,0.542516987267093,0.564779971038227,0.563473629477413
"H4","Pres-VN30",2,0.530316875767176,0.541942273731299,0.539926512514615
"H4","Pres-VN30",3,0.511814572440774,0.517923423311957,0.515675520374184
"H4","Pres-VN30",4,0.492108668710741,0.495349813505186,0.493905771794609
"H4","Pres-VN30",5,0.474100616157077,0.475933121183822,0.475770024260048
