"timeframe","pair","rho_dmca_avg","n_windows","gap_vs_nested_mean"
"1D","VN30-VNINDEX",0.966430454507211,13,NA
"1D","VN30-VN100",0.98739757963193,13,NA
"1D","VN100-VNINDEX",0.975968847312198,13,NA
"1D","Pcap-VN30",0.882186866254715,13,0.0944120942290645
"M30","VN30-VNINDEX",0.969354095125836,19,NA
"M30","VN30-VN100",0.986827920296446,19,NA
"M30","VN100-VNINDEX",0.981677062204588,19,NA
"M30","Pcap-VN30",0.882807839001452,19,0.0964785202075048
"H1","VN30-VNINDEX",0.96484757268177,18,NA
"H1","VN30-VN100",0.98817970012268,18,NA
"H1","VN100-VNINDEX",0.97459744377827,18,NA
"H1","Pcap-VN30",0.889616153864506,18,0.0862587516630675
"H4","VN30-VNINDEX",0.966178835295578,14,NA
"H4","VN30-VN100",0.988349875160636,14,NA
"H4","VN100-VNINDEX",0.975280636502648,14,NA
"H4","Pcap-VN30",0.890669149203403,14,0.0859339664495508
