"timeframe","w","kappa","rho_econ","floor","mech_share","sensitivity","shapley_overlap_share","pearson_floor","pearson_rho_econ","pearson_share"
"1D",0.6,0.675253512910556,0.924310251371979,0.828750035939429,0.839121487369354,0.164007260696415,0.451622865223352,0.832546125403249,0.928112338277272,0.842252620441767
"1D",0.65,0.552989646836984,0.902754938322747,0.875102336661499,0.886054063156366,0.127273638385386,0.486002148319914,0.878596438933542,0.907207697260371,0.88883982571435
"1D",0.682614713559021,0.483872002445842,0.883676706877398,0.900149188923866,0.91141450947673,0.106026873175697,0.508341229801674,0.903395086830115,0.888579956584272,0.91392759627383
"1D",0.72,0.413577958831298,0.854650216908781,0.924074137812596,0.935639041092109,0.0842958598590244,0.53514884953813,0.927005218099329,0.86003263236386,0.937812993519344
"1D",0.75,0.363442517699228,0.823593980431598,0.939836801016454,0.951599107108257,0.0688700976970737,0.558851753351285,0.942503366394717,0.82923784916629,0.953491831742827
"M30",0.6,0.69652236819486,0.922674976338954,0.820569407204868,0.831459488894011,0.170340166329363,0.44827006533333,0.826805934117481,0.9179919086019,0.83813201005308
"M30",0.65,0.572737721027323,0.901454617550481,0.86774286253487,0.879259005458304,0.13332476127963,0.482920947267032,0.873174756905613,0.894944354175688,0.885136020357741
"M30",0.682614713559021,0.502728088717959,0.882867918079873,0.893434667338573,0.905291781723702,0.111827422015573,0.505354130229555,0.898261307319908,0.874652585771472,0.910566221153861
"M30",0.72,0.43147261475807,0.854889333396934,0.918158352221005,0.930343593097755,0.0897449856201174,0.532055138930118,0.922253919452049,0.843966453805659,0.934887498255239
"M30",0.75,0.380584938196926,0.825295735850129,0.934580664735663,0.946983861221801,0.0739885941960049,0.555368593330415,0.938083895826128,0.811374396772818,0.950934322993696
