"timeframe","stat","estimate","ci_lo","ci_hi","boot_se","p_two_sided_boot","p_holm"
"1D","floor",0.900149188923866,0.891170267641218,0.909756331662931,0.00476689943600244,0.004,NA
"1D","rho_econ",0.883676706877398,0.856347185197058,0.905524735936063,0.0124610351254403,0.004,NA
"1D","rho_nested",0.987638573892592,0.984530290936755,0.990218374325746,0.00152980042512554,0.004,NA
"1D","shapley_overlap",0.50205552796953,0.492888003913621,0.513322779809142,0.00542250841508106,0.004,NA
"1D","shapley_econ",0.485583045923062,0.471522444233999,0.496762789536145,0.00659705808256908,0.004,NA
"1D","shapley_overlap_share",0.508341229801674,0.498182909044705,0.521230537435578,0.00607975211295797,0.004,NA
"1D","econ_share",0.894732049873381,0.869828314054199,0.914567045631466,0.0113110308017237,0.004,NA
"1D","gap_like",0.103961867015194,0.0845867064986151,0.128138911393087,0.0110098725592514,0.004,NA
"1D","true_min",0.875092148693482,0.860445430732905,0.889810557898069,0.00748679865813637,0.004,NA
"1D","floor_slope",-0.00350861168841116,-0.00863780171640438,0.00202335789895016,0.0027234847362216,0.276,0.828
"1D","kappa_slope",0.00992335863757511,-0.0058489799450026,0.0242816015966079,0.0076514017665264,0.276,0.828
"1D","econ_slope",-0.00398646884347744,-0.016072030524849,0.00889595527515154,0.00663768142046082,0.636,1
"1D","floor_range",0.00907206087497658,0.00398024745760646,0.0217830202884185,0.00486935225662054,0.004,NA
"M30","floor",0.893434667338573,0.882267327312314,0.903344912620739,0.00524059053697331,0.004,NA
"M30","rho_econ",0.882867918079873,0.859345100949574,0.9018036800051,0.0111052518586062,0.004,NA
"M30","rho_nested",0.986902330111244,0.983309553190461,0.989421437706447,0.00159589210411122,0.004,NA
"M30","shapley_overlap",0.498734539684972,0.491436549373394,0.507257841285898,0.00411418677288732,0.004,NA
"M30","shapley_econ",0.488167790426272,0.476859965776169,0.497284522191305,0.0052599402468512,0.004,NA
"M30","shapley_overlap_share",0.505354130229555,0.49708903023474,0.515459919355035,0.00472489084545085,0.004,NA
"M30","econ_share",0.894583521264592,0.873460115500456,0.911680925911755,0.00987533068900484,0.004,NA
"M30","gap_like",0.104034412031371,0.0874102827754801,0.124580637867462,0.00957929838278504,0.004,NA
"M30","true_min",0.864360167100107,0.845582969265284,0.880061742179579,0.00857330055099276,0.004,NA
"M30","floor_slope",-0.0024691181986191,-0.0045214614438208,-1.70516503592135e-05,0.0011751062297191,0.052,0.208
"M30","kappa_slope",0.00689389155963143,4.1849143245773e-05,0.0124232699878509,0.0032366583362292,0.052,0.208
"M30","econ_slope",0.00167155528644219,-0.00345980022439812,0.00774834836799942,0.00290838065193413,0.4,1
"M30","floor_range",0.0158655082398248,0.00715745963357235,0.0244792406515123,0.00442009558086176,0.004,NA
"H1","floor",0.89927104776051,0.889634298144074,0.908216894201113,0.00498691238376522,0.004,NA
"H1","rho_econ",0.889139916724898,0.867598054868899,0.906399493012213,0.0098229892327266,0.004,NA
"H1","rho_nested",0.988147721352433,0.985241010612031,0.990500691279688,0.00135850765110416,0.004,NA
"H1","shapley_overlap",0.499139426194022,0.492453608272482,0.50812327965721,0.00381108075996497,0.004,NA
"H1","shapley_econ",0.489008295158411,0.47770543020117,0.496767713605306,0.00471138379325689,0.004,NA
"H1","shapley_overlap_share",0.505128156394539,0.497727480665797,0.515341812885384,0.00428922623013558,0.004,NA
"H1","econ_share",0.899801519683841,0.880456255873848,0.915016435487555,0.00877732315602964,0.004,NA
"H1","gap_like",0.0990078046275345,0.0841748183454238,0.117800457620448,0.00853873172664714,0.004,NA
"H1","true_min",0.87372612494034,0.858150311175734,0.887498896512323,0.00788380917528673,0.004,NA
"H1","floor_slope",-0.00154272007796489,-0.00421065150084725,0.00119794955853051,0.00136447602723394,0.308,0.828
"H1","kappa_slope",0.00436699921378339,-0.00344622110192598,0.011698555702009,0.00382904937636295,0.308,0.828
"H1","econ_slope",0.00200081821663254,-0.00403012878291667,0.00885011547749489,0.00330449446260716,0.412,1
"H1","floor_range",0.00796404812514639,0.00378178636627197,0.0183943666530135,0.0039840725569744,0.004,NA
"H4","floor",0.899727768058482,0.890725153423571,0.909809420693773,0.0050724152224775,0.004,NA
"H4","rho_econ",0.889573429593901,0.869491786109437,0.906408699905014,0.00958779998352623,0.004,NA
"H4","rho_nested",0.988230069763294,0.985541438224134,0.990551669171129,0.00130756587779128,0.004,NA
"H4","shapley_overlap",0.499192204113938,0.492850895287977,0.508025741203606,0.00391659458226845,0.004,NA
"H4","shapley_econ",0.489037865649357,0.478930371733456,0.496621240418175,0.00473394074285147,0.004,NA
"H4","shapley_overlap_share",0.505138549564664,0.498120154990868,0.514816580365356,0.00435289403451628,0.004,NA
"H4","econ_share",0.900166271150809,0.882346650623208,0.915200374046062,0.00859076543636928,0.004,NA
"H4","gap_like",0.0986566401693934,0.0839786156301146,0.11594657301872,0.00836443073050247,0.004,NA
"H4","true_min",0.874447767201657,0.859894783336728,0.889877999161135,0.00797295679219993,0.004,NA
"H4","floor_slope",-0.00155963326995203,-0.00528923177836062,0.0023279617679177,0.00195857710225692,0.456,0.828
"H4","kappa_slope",0.00440906757269092,-0.00665468216708908,0.0147357198391212,0.00551563772097471,0.456,0.828
"H4","econ_slope",-0.00202630952489142,-0.0099841216400662,0.00666228494378356,0.00432545290269766,0.752,1
"H4","floor_range",0.00681238917502125,0.00399363086423524,0.0179253277196306,0.00354928295686413,0.004,NA
