"timeframe","stat","estimate_at_baseline_w","ci_lo","ci_hi","boot_se"
"1D","floor",0.900149188923866,0.830481134374246,0.937620896905084,0.0331812854097356
"1D","rho_econ",0.883676706877398,0.820622750812098,0.931207587098358,0.0308172047714268
"1D","mech_share",0.91141450947673,0.841396108171281,0.948845222614559,0.0334494340337426
"1D","sensitivity",0.106026873175697,0.0712276234510246,0.16272771305508,0.0283420792998485
"1D","shapley_overlap_share",0.508341229801674,0.451856882466797,0.556408093440558,0.0312103912692061
"M30","floor",0.893434667338573,0.823297379161624,0.932098693448177,0.0332154112335613
"M30","rho_econ",0.882867918079873,0.816596191311387,0.925510542776857,0.0312886555874954
"M30","mech_share",0.905291781723702,0.834436389658188,0.944471363142194,0.0337059176347577
"M30","sensitivity",0.111827422015573,0.0765405512737689,0.168213185852271,0.0280132489053078
"M30","shapley_overlap_share",0.505354130229555,0.451333790089123,0.554783917755894,0.0315941213497536
