"panel","regime","pair","RE_pct","RE_joint_ci_lo","RE_joint_ci_hi","regime_var_rel_se_pct","RE_over_se"
"A","low","VN30-VNINDEX",0.404895432256301,-0.0745814910760328,1.10434538056044,12.7061517097545,0.0318660945898721
"A","low","VN30-VN100",0.284393440515445,0.112865495024772,0.4482642493405,13.3043436707094,0.0213759842314927
"A","low","VN100-VNINDEX",0.517141761910693,0.0255509809167974,1.2346830422148,13.723766939472,0.03768220228393
"A","low","Pcap-VN30",2.22871384393749,0.709174241572367,3.98416391086116,15.5744317827969,0.143100812602311
"A","high","VN30-VNINDEX",-0.564845029092576,-0.916414145214422,-0.281359212974099,14.9979397289295,0.0376615081338837
"A","high","VN30-VN100",-0.193078574783625,-0.332938732753631,-0.0803219831324053,14.7514286619247,0.0130888051055005
"A","high","VN100-VNINDEX",-0.45676005285569,-0.740329091681348,-0.215836875372339,14.3834992049294,0.0317558367646137
"A","high","Pcap-VN30",-1.84305034331084,-3.01217923590178,-0.821632174538015,14.2760083442105,0.129101237465882
"B","low","VN30-VNINDEX",2.35378321910099,1.6375360150933,3.2474531839249,5.47983429688688,0.429535473442724
"B","low","VN30-VN100",0.773494970935668,0.48731957921653,1.14479364598618,5.34753388862143,0.144645174214141
"B","low","VN100-VNINDEX",2.13739147185744,1.40435071941433,3.0039930686761,5.70912224285168,0.374381801779361
"B","low","Pcap-VN30",9.38458240331189,6.28125383851076,13.2729091086054,6.26019909455573,1.49908689189667
"B","high","VN30-VNINDEX",-0.714965003616817,-0.982686381776115,-0.501869477523987,8.72626767160949,0.081932508894143
"B","high","VN30-VN100",-0.201964388187337,-0.296771330044615,-0.131821541756597,8.8758373407459,0.0227544039434102
"B","high","VN100-VNINDEX",-0.550671538977054,-0.743204692018394,-0.400845128774663,8.8696897421183,0.0620846450087374
"B","high","Pcap-VN30",-2.06616947958579,-2.87770963353124,-1.40321501403548,8.82214634555252,0.234202585023701
