"timeframe","s","kappa","rho_econ","rho_nested","rho_implied","identity_error","floor","mech_share","sensitivity","floor_minus_econ","reliable"
"1D",5,0.473587357052952,0.893062405779481,0.988972922543282,0.988972922543282,0,0.903771700808404,0.913848782112485,0.102907745462318,0.0107092950289229,TRUE
"1D",6,0.478756625602511,0.889195146032184,0.988402421910041,0.988402421910041,1.11022302462516e-16,0.901960102854279,0.912543396151624,0.104474418384377,0.0127649568220949,TRUE
"1D",7,0.477904328212533,0.887944890191034,0.988300592040216,0.988300592040216,1.11022302462516e-16,0.90225939637634,0.912940256884542,0.104207557687284,0.0143145061853067,TRUE
"1D",8,0.4773461306275,0.880494079343532,0.987544413218915,0.987544413218915,1.11022302462516e-16,0.902455285746508,0.913837670150897,0.104002725664377,0.0219612064029762,TRUE
"1D",10,0.476511340550897,0.885725383439681,0.988117304439131,0.988117304439131,1.11022302462516e-16,0.902748050736386,0.913604130482057,0.103770157827411,0.0170226672967049,TRUE
"1D",12,0.482266065296002,0.877469678534168,0.987047843413796,0.987047843413796,0,0.9007252624402,0.912544684080317,0.105503937603072,0.0232555839060326,TRUE
"1D",14,0.483139410284657,0.884114079865828,0.987718404993338,0.987718404993338,0,0.900417355208315,0.911613422060701,0.1057996472896,0.0163032753424865,TRUE
"1D",17,0.480876902655837,0.880267254213915,0.987393230007389,0.987393230007389,0,0.901214527985026,0.912720991593473,0.105087938206117,0.0209472737711111,TRUE
"1D",20,0.476932464066743,0.885995934543628,0.988130907103093,0.988130907103093,0,0.902600389088424,0.913442118448234,0.103900653159043,0.0166044545447964,TRUE
"1D",24,0.49049657765584,0.886590638719567,0.987728664132291,0.987728664132291,1.11022302462516e-16,0.897814067318643,0.908968322902083,0.108070960399136,0.011223428599076,TRUE
"1D",28,0.486649393160005,0.884265329405902,0.987611803114382,0.987611803114382,0,0.899177457189406,0.910456369956189,0.106879754557386,0.014912127783504,TRUE
"1D",33,0.494561628903227,0.88171784518086,0.987056816491834,0.987056816491834,1.11022302462516e-16,0.89636860310189,0.908122600568968,0.109308191388326,0.0146507579210305,TRUE
"1D",40,0.499238249621164,0.865323441565943,0.98507427395688,0.98507427395688,1.11022302462516e-16,0.894699639933427,0.908256020472007,0.110709382073484,0.0293761983674843,TRUE
"1D",47,0.495941560551923,0.889307789467843,0.987840437131698,0.987840437131698,0,0.89587680614687,0.906904366810642,0.10975315475782,0.00656901667902665,TRUE
"1D",56,0.508076252516341,0.873187251044993,0.985605586214863,0.985605586214863,1.11022302462516e-16,0.891528558977512,0.904549011741455,0.113465002805672,0.0183413079325184,FALSE
"1D",66,0.503755338431726,0.877619653695233,0.986268534249197,0.986268534249197,1.11022302462516e-16,0.893081637218121,0.905515694970422,0.11213605376071,0.015461983522888,FALSE
"1D",79,0.505908543737367,0.88365203229708,0.986869292140239,0.986869292140239,1.11022302462516e-16,0.892308348987382,0.904180884027933,0.112811248290359,0.00865631669030209,FALSE
"1D",94,0.508911034447437,0.879389038942883,0.986278840874683,0.986278840874682,1.11022302462516e-16,0.891227920455645,0.903626726560674,0.113732033242901,0.0118388815127622,FALSE
"1D",111,0.516797121832857,0.881880194115424,0.986280455927387,0.986280455927387,0,0.888378640130053,0.900736331933823,0.116170477309129,0.00649844601462857,FALSE
"1D",132,0.516967059260228,0.889326696806173,0.98713984830672,0.98713984830672,0,0.888317061547079,0.899889780633255,0.116225135914849,-0.0010096352590937,FALSE
"1D",157,0.499291468891416,0.872741221735612,0.985893513329231,0.985893513329231,0,0.894680610851027,0.907481993496245,0.110745034909571,0.021939389115415,FALSE
"1D",186,0.503391895864407,0.89009989473138,0.987680220197573,0.987680220197572,3.33066907387547e-16,0.893212034142363,0.904353469753285,0.112046446531219,0.00311213941098276,FALSE
"1D",222,0.508571780780907,0.87500143625929,0.98579268202907,0.98579268202907,1.11022302462516e-16,0.891350122171602,0.90419632689596,0.113621091171139,0.0163486859123116,FALSE
"1D",263,0.533440404689893,0.889305044569759,0.986586591188716,0.986586591188716,0,0.882313711595062,0.89430944984969,0.121301568916728,-0.00699133297469667,FALSE
"1D",313,0.49696758933145,0.872056714310701,0.985907726905642,0.985907726905642,0,0.895510775276814,0.90831094111358,0.11002427474483,0.0234540609661128,FALSE
"1D",371,0.51551276365612,0.873052449710289,0.985304341055528,0.985304341055528,0,0.8888437992746,0.902100764442394,0.115768311248118,0.0157913495643113,FALSE
"1D",441,0.471671310232158,0.893411611439959,0.989070318771003,0.989070318771003,2.22044604925031e-16,0.904440945894491,0.914435433689214,0.102323084284178,0.0110293344545327,FALSE
"1D",524,0.459968687003536,0.892779861315514,0.989382936315199,0.989382936315199,2.22044604925031e-16,0.908501252996161,0.918250375713706,0.0987434549404069,0.0157213916806467,FALSE
"1D",623,0.483978410973288,0.91066363832837,0.99050613307408,0.99050613307408,2.22044604925031e-16,0.900121329746377,0.908748870592866,0.106151957214897,-0.010542308581993,FALSE
"1D",740,0.433927145843536,0.908430298440881,0.991641764386715,0.991641764386714,1.11022302462516e-16,0.917356775622088,0.925088886498676,0.0909490055460487,0.00892647718120687,FALSE
"M30",5,0.480615102798812,0.874158391040207,0.986761297487907,0.986761297487907,0,0.901306665445263,0.913398881512485,0.104980857972213,0.0271482744050562,TRUE
"M30",6,0.485635412051932,0.87506250861714,0.986666659653944,0.986666659653944,0,0.899536039883278,0.911691938793974,0.106533091151505,0.0244735312661377,TRUE
"M30",8,0.490115934543749,0.874813640018286,0.986470546728095,0.986470546728095,0,0.89794916336608,0.91026454499263,0.107915123710096,0.023135523347794,TRUE
"M30",10,0.490615943841875,0.877156706797177,0.986704838931663,0.986704838931662,1.11022302462516e-16,0.897771693401693,0.909868542221542,0.108077357320781,0.020614986604516,TRUE
"M30",13,0.499409923060196,0.882589621793737,0.986980089010311,0.986980089010311,0,0.894638253455983,0.906440021858066,0.110805114637748,0.0120486316622458,TRUE
"M30",17,0.499081866537945,0.88504065951851,0.987263076782048,0.987263076782048,4.44089209850063e-16,0.894755551555776,0.906299012490371,0.110709555904688,0.00971489203726517,TRUE
"M30",21,0.501791688390739,0.887010740685912,0.987388713493827,0.987388713493827,1.11022302462516e-16,0.89378571932026,0.905201474460492,0.111548316491784,0.00677497863434784,TRUE
"M30",27,0.501529061513697,0.890817766399165,0.987822049738493,0.987822049738493,2.22044604925031e-16,0.893879803753196,0.904899626395092,0.111474723031622,0.00306203735403143,TRUE
"M30",34,0.50643877554905,0.888925267411893,0.987446407022951,0.987446407022952,1.11022302462516e-16,0.892117727871178,0.903459389315944,0.112982376007741,0.00319246045928567,TRUE
"M30",44,0.504823239037189,0.885286718041268,0.987091326609467,0.987091326609467,0,0.892698279375119,0.904372528975029,0.112479222589308,0.00741156133385157,TRUE
"M30",56,0.51240208181008,0.887395231320933,0.987070675781565,0.987070675781565,1.11022302462516e-16,0.889968618837399,0.901626034156794,0.114817616273335,0.00257338751646563,TRUE
"M30",71,0.505642798120965,0.877990768400905,0.986240473867241,0.986240473867241,0,0.892403856742274,0.904854222057005,0.11272000589643,0.0144130883413692,TRUE
"M30",91,0.503385806958818,0.885664364469334,0.987183462043477,0.987183462043477,1.11022302462516e-16,0.893214218421427,0.904810759868755,0.112036878032979,0.00754985395209284,TRUE
"M30",115,0.502579651585831,0.882980868042439,0.986911333174127,0.986911333174127,1.11022302462516e-16,0.893503319370361,0.905353185576109,0.111783390817991,0.0105224513279215,TRUE
"M30",147,0.512390730943466,0.882512292709942,0.986510441160098,0.986510441160098,0,0.889972718632727,0.90214221918032,0.114810147437376,0.00746042592278551,TRUE
"M30",187,0.512223648052545,0.884462805654034,0.986740216913976,0.986740216913976,1.11022302462516e-16,0.890033062992282,0.90199329847511,0.114760245732553,0.00557025733824867,TRUE
"M30",238,0.502654794246433,0.887371966515398,0.987399647101991,0.987399647101992,1.11022302462516e-16,0.893476379667361,0.90487816386172,0.111814777914737,0.00610441315196286,TRUE
"M30",303,0.515615932543698,0.881204773769765,0.986244436361203,0.986244436361203,1.11022302462516e-16,0.888806450135783,0.901203005428429,0.115805282511006,0.00760167636601849,TRUE
"M30",385,0.524881294054205,0.884045352311535,0.986248580251244,0.986248580251244,1.11022302462516e-16,0.885441157205438,0.897787003130463,0.118666934861986,0.00139580489390356,TRUE
"M30",491,0.530120072940903,0.881789519880432,0.985793594133576,0.985793594133576,1.11022302462516e-16,0.883528999920594,0.896261656779315,0.120287246843674,0.00173948004016222,FALSE
"M30",625,0.534770327778971,0.871927791992961,0.984426869160315,0.984426869160315,1.11022302462516e-16,0.881826225189516,0.895776266185914,0.121740244019655,0.00989843319655537,FALSE
"M30",795,0.532425638958404,0.890867373533972,0.986809533674812,0.986809533674812,1.11022302462516e-16,0.882685402447894,0.894484064377482,0.12098636264481,-0.00818197108607888,FALSE
"M30",1012,0.553318692443325,0.892646221299392,0.986348223129851,0.986348223129851,1.11022302462516e-16,0.874986894469573,0.887097349547699,0.127414571488086,-0.017659326829819,FALSE
"M30",1289,0.553884591892882,0.879460102057896,0.984647158126292,0.984647158126292,0,0.87477710432999,0.888416827398989,0.127641996664132,-0.00468299772790548,FALSE
"M30",1641,0.533696084219132,0.89329008942112,0.987061737530783,0.987061737530783,1.11022302462516e-16,0.882220023191177,0.893784035635019,0.121373492625265,-0.0110700662299427,FALSE
"M30",2089,0.539033398988322,0.884067971287454,0.98575533688583,0.98575533688583,1.11022302462516e-16,0.880260884234206,0.892981099159048,0.12303737006547,-0.00380708705324873,FALSE
"M30",2659,0.570523012403364,0.896765015183946,0.986338533597957,0.986338533597957,1.11022302462516e-16,0.868581762083038,0.8806122162891,0.132680604938667,-0.0281832531009084,FALSE
"M30",3385,0.496731691261507,0.901365358407586,0.989140493282327,0.989140493282327,1.11022302462516e-16,0.895594958015545,0.905427453529514,0.110023691914193,-0.00577040039204058,FALSE
"M30",4309,0.471651643235299,0.88031786483057,0.987731660317437,0.987731660317437,1.11022302462516e-16,0.904447808895213,0.915681703069579,0.102251565183472,0.0241299440646433,FALSE
"M30",5485,0.471245256586584,0.925431709201468,0.992358590387933,0.992358590387933,0,0.904589592589771,0.91155515894325,0.1023380168931,-0.0208421166116971,FALSE
"H1",5,0.476625914723734,0.877528912540835,0.987262674793697,0.987262674793697,1.11022302462516e-16,0.90270788249011,0.914354310699271,0.103767326679387,0.0251789699492747,TRUE
"H1",6,0.47367040545923,0.873625627272773,0.986970469467137,0.986970469467137,0,0.903742665612132,0.915673460929445,0.10283816156447,0.0301170383393591,TRUE
"H1",8,0.480505111756583,0.883392043894877,0.987734709041576,0.987734709041576,1.11022302462516e-16,0.9013453689911,0.912537911992278,0.104986789222048,0.0179533250962227,TRUE
"H1",10,0.482093205269021,0.889755870749656,0.988350137434411,0.988350137434411,0,0.900786177479052,0.911403907746034,0.105500388975687,0.0110303067293955,TRUE
"H1",12,0.480757249184491,0.894172709634825,0.988858739764256,0.988858739764256,1.11022302462516e-16,0.901256641372763,0.911410907474633,0.105108113408853,0.00708393173793787,TRUE
"H1",15,0.484447023944264,0.896662657371723,0.989005646737346,0.989005646737346,0,0.899955892264118,0.909960317449151,0.106247656112688,0.00329323489239419,TRUE
"H1",19,0.481637563404192,0.894106761561929,0.988823729180175,0.988823729180175,1.11022302462516e-16,0.900946698001622,0.911129730623059,0.105377567051671,0.00683993643969294,TRUE
"H1",24,0.489859083754126,0.89081831391805,0.988206574775198,0.988206574775198,0,0.898040298802467,0.908757664364617,0.107888175611356,0.00722198488441739,TRUE
"H1",30,0.486054364787685,0.889992457536196,0.988243715048761,0.988243715048761,1.11022302462516e-16,0.899387920772934,0.91008716481294,0.106717132479167,0.00939546323673823,TRUE
"H1",38,0.491492235787428,0.888045901247483,0.987852299433012,0.987852299433012,2.22044604925031e-16,0.897460485932185,0.908496630971342,0.108381589416985,0.00941458468470191,TRUE
"H1",47,0.490048037222154,0.890214151974759,0.988135135800091,0.988135135800091,1.11022302462516e-16,0.897973256545297,0.908755517349568,0.107944343343829,0.00775910457053874,TRUE
"H1",59,0.49621687995596,0.891632965629129,0.988086637491275,0.988086637491276,1.11022302462516e-16,0.895778617486986,0.906579022019104,0.109843496625979,0.00414565185785642,TRUE
"H1",74,0.484700266595357,0.891806729353456,0.988481498768701,0.988481498768701,0,0.899866459722049,0.910352354437553,0.106307996287375,0.00805973036859242,TRUE
"H1",93,0.487149981251136,0.89258679499261,0.988485111546344,0.988485111546344,1.11022302462516e-16,0.899000312602151,0.909472790334488,0.107062269959162,0.0064135176095409,TRUE
"H1",116,0.493131216353548,0.896240934702438,0.988689332252697,0.988689332252697,1.11022302462516e-16,0.896877796858233,0.907138134903029,0.108907935504433,0.000636862155794726,TRUE
"H1",145,0.49122179253063,0.895089153247332,0.988624283702982,0.988624283702982,0,0.897556556212161,0.90788439148013,0.108319140625545,0.00246740296482961,TRUE
"H1",182,0.492775822574696,0.885122757844266,0.987490971583478,0.987490971583478,0,0.897004214424768,0.908367003078913,0.108767844113582,0.0118814565805014,TRUE
"H1",228,0.492248796312154,0.883723757575834,0.987357317522654,0.987357317522654,0,0.897191614119057,0.908679763846964,0.108601440565428,0.013467856543223,TRUE
"H1",285,0.505933513896694,0.873586297428924,0.985732890316542,0.985732890316542,0,0.892299373824024,0.90521416358288,0.11280230058484,0.0187130763950992,FALSE
"H1",357,0.50370672577081,0.88904525432329,0.987551504277478,0.987551504277478,1.11022302462516e-16,0.893099080745179,0.904356964550013,0.112141553238134,0.00405382642188812,FALSE
"H1",447,0.50887923765945,0.887410914242156,0.987192307005712,0.987192307005712,0,0.891239375223045,0.902802188487768,0.11373208998423,0.00382846098088852,FALSE
"H1",560,0.515197328110608,0.907627451664381,0.989316086825016,0.989316086825016,1.11022302462516e-16,0.888957975893913,0.898558092537261,0.115684267869646,-0.0186694757704682,FALSE
"H1",701,0.505523831479212,0.903328126000372,0.989100454023976,0.989100454023976,1.11022302462516e-16,0.892446606480199,0.902281060381119,0.112719929293776,-0.0108815195201732,FALSE
"H1",878,0.491680726287936,0.893680297300692,0.988456968543078,0.988456968543077,1.11022302462516e-16,0.897393514930798,0.90787312294788,0.108455922703391,0.00371321763010646,FALSE
"H1",1099,0.478619621728429,0.869558286570682,0.986357124018391,0.986357124018391,0,0.902008229128487,0.914484426749746,0.10434420772741,0.0324499425578052,FALSE
"H1",1376,0.528732108655333,0.876464896589853,0.985205000048162,0.985205000048162,2.22044604925031e-16,0.884036247443997,0.897311978117022,0.119863176310806,0.00757135085414395,FALSE
"H1",1723,0.487796426961621,0.86667270633688,0.985685778767359,0.985685778767359,1.11022302462516e-16,0.898771438601586,0.911823481642939,0.107168465371987,0.0320987322647056,FALSE
"H1",2156,0.479810870741256,0.884484372865652,0.987873582595615,0.987873582595615,2.22044604925031e-16,0.90158956838967,0.912656826008814,0.10477804087822,0.0171051955240186,FALSE
"H1",2700,0.446418861094646,0.874703928856812,0.988109695082013,0.988109695082013,1.11022302462516e-16,0.913141183037235,0.924129362946332,0.0944812080781478,0.0384372541804233,FALSE
"H1",3380,0.460244019245908,0.906735252929682,0.990753813302961,0.990753813302961,1.11022302462516e-16,0.90840627482883,0.916883955056805,0.0989081840349167,0.00167102189914792,FALSE
"H4",5,0.477292708535513,0.888424863838392,0.988371175160284,0.988371175160284,1.11022302462516e-16,0.902474027948001,0.913092217406733,0.104022030262806,0.0140491641096095,TRUE
"H4",6,0.482241563570286,0.896196580858191,0.989025077318192,0.989025077318192,0,0.900733897306566,0.910729078527479,0.105570531691061,0.00453731644837474,TRUE
"H4",7,0.48447297423688,0.896997925004681,0.989040463327702,0.989040463327702,1.11022302462516e-16,0.899946728851884,0.909919019717297,0.106256782121005,0.00294880384720286,TRUE
"H4",9,0.484488919307524,0.896451441333612,0.988981898952061,0.988981898952061,1.11022302462516e-16,0.89994109831922,0.909967208978052,0.106259744896128,0.00348965698560832,TRUE
"H4",11,0.476154638693488,0.890908951226167,0.98866698535109,0.98866698535109,0,0.902873078345055,0.913222643946618,0.103684148637526,0.0119641271188883,TRUE
"H4",13,0.485067844991237,0.882839612746052,0.987515369199017,0.987515369199017,1.11022302462516e-16,0.899736613873452,0.911111504627251,0.106387925938685,0.0168970011274003,TRUE
"H4",16,0.483666136083546,0.882132741902408,0.987490046543465,0.987490046543465,2.22044604925031e-16,0.900231535897273,0.911636060584484,0.105953890652412,0.0180987939948652,TRUE
"H4",19,0.48800605486261,0.887345647838228,0.98789492925956,0.987894929259561,1.11022302462516e-16,0.898697192273586,0.909709287552646,0.107307621274914,0.0113515444353584,TRUE
"H4",23,0.483483357399972,0.886394808716232,0.987947928413192,0.987947928413193,1.11022302462516e-16,0.900296026805327,0.911278824432935,0.10591423171474,0.0139012180890955,TRUE
"H4",28,0.480417474235776,0.891723359360184,0.988612390164241,0.988612390164241,2.22044604925031e-16,0.901376204027787,0.91175895932079,0.104994215614967,0.00965284466760363,TRUE
"H4",34,0.481926028307725,0.889497110953038,0.988328407430634,0.988328407430634,0,0.900845080811674,0.911483545387114,0.105448072879444,0.0113479698586358,TRUE
"H4",42,0.49542578773995,0.890836086558139,0.988025164898817,0.988025164898817,1.11022302462516e-16,0.896060689170034,0.906920917608206,0.109598429643956,0.00522460261189506,TRUE
"H4",51,0.487305249744163,0.891759418583512,0.988391464680488,0.988391464680488,0,0.898945351563168,0.909503353363907,0.107107155558672,0.00718593297965575,TRUE
"H4",62,0.494914313699371,0.88686840237969,0.987607804341083,0.987607804341083,0,0.896242962336656,0.907488740365529,0.109430876134008,0.00937455995696601,TRUE
"H4",75,0.491335874241825,0.88522449260999,0.987551941409589,0.987551941409589,1.11022302462516e-16,0.897516033347547,0.908829192383007,0.108324953383954,0.0122915407375578,TRUE
"H4",91,0.490961235914712,0.879902762366921,0.986989106219512,0.986989106219512,1.11022302462516e-16,0.897649093584803,0.90948227080549,0.108192831606065,0.0177463312178822,FALSE
"H4",110,0.485164901477079,0.876710014035443,0.986859709349895,0.986859709349895,0,0.899702321949785,0.911682089587459,0.106394369593851,0.0229923079143417,FALSE
"H4",133,0.495390504514813,0.880633860231987,0.986908424746006,0.986908424746006,0,0.896073265468543,0.907959890705319,0.109560746303251,0.015439405236556,FALSE
"H4",162,0.493446207504925,0.897737577654848,0.98884262456718,0.98884262456718,1.11022302462516e-16,0.896765719486766,0.906884166607688,0.109008418997138,-0.000971858168081652,FALSE
"H4",196,0.49433128590658,0.881336498892147,0.987023392741758,0.987023392741758,1.11022302462516e-16,0.896450640864786,0.908236468818253,0.10923610903786,0.0151141419726387,FALSE
"H4",238,0.506110540587533,0.887859311943056,0.987337091912013,0.987337091912013,1.11022302462516e-16,0.892235739200615,0.903678942591703,0.112879798149102,0.00437642725755971,FALSE
"H4",288,0.502747795448634,0.895309426632514,0.988284291431743,0.988284291431743,0,0.893443035223254,0.904034439249164,0.111857158527055,-0.0018663914092607,FALSE
"H4",350,0.497402476070507,0.890877876474168,0.987964655799317,0.987964655799317,1.11022302462516e-16,0.895355538820528,0.906262722623551,0.110206081669818,0.00447766234636016,FALSE
"H4",424,0.525239275413582,0.893702569005675,0.987383059146039,0.987383059146039,0,0.885310704613571,0.896623348368213,0.118770633588204,-0.00839186439210393,FALSE
"H4",515,0.47424486566293,0.893488775745488,0.988995721138164,0.988995721138164,0,0.903541761422498,0.913595217967856,0.103110971409935,0.0100529856770103,FALSE
"H4",624,0.494236819446844,0.889614926440605,0.987930937998673,0.987930937998673,1.11022302462516e-16,0.89648428100755,0.907436184581511,0.109229813711417,0.00686935456694404,FALSE
"H4",758,0.471927349312857,0.848239036402975,0.984441651680947,0.984441651680947,0,0.90435158657376,0.918644172592218,0.102159542429464,0.0561125501707854,FALSE
"H4",919,0.499660872860287,0.906102501832142,0.989578925530252,0.989578925530252,0,0.894548504344244,0.903968830848851,0.110929480861945,-0.0115539974878972,FALSE
"H4",1115,0.460583685294423,0.898723073889084,0.989951201095778,0.989951201095778,1.11022302462516e-16,0.908289066941539,0.917508929668607,0.0989659024530483,0.00956599305245498,FALSE
"H4",1352,0.459995099380136,0.906719870221574,0.990759251889803,0.990759251889803,1.11022302462516e-16,0.90849214299826,0.91696559105088,0.0988324377546859,0.00177227277668612,FALSE
